性別,EQ能力_C01_感情の識別_スコア,EQ能力_C02_感情の利用_スコア,EQ能力_C03_感情の理解_スコア,EQ能力_C04_感情の調整_スコア,コンピテンシー_D01_現状認識力_スコア,コンピテンシー_D02_ビジョン創出力_スコア,コンピテンシー_D03_達成行動力_スコア,コンピテンシー_D04_自己管理力_スコア,コンピテンシー_D05_困難克服力_スコア,コンピテンシー_D06_人間関係構築力_スコア,コンピテンシー_D07_コミュニケーション力_スコア,コンピテンシー_D08_組織適応力_スコア,潜在的なストレス耐性_ストレスを強める特性(リスクパターン)_E10_ストレスを強める特性(リスクパターン)_スコア,潜在的なストレス耐性_ストレスを強める特性(リスクパターン)_E11_他者依存_スコア,潜在的なストレス耐性_ストレスを強める特性(リスクパターン)_E12_業績偏重_スコア,潜在的なストレス耐性_ストレスを強める特性(リスクパターン)_E13_完全主義_スコア,潜在的なストレス耐性_ストレスを強める特性(リスクパターン)_E14_自責傾向_スコア,潜在的なストレス耐性_ストレスを強める特性(リスクパターン)_E15_秩序志向_スコア,潜在的なストレス耐性_ストレスを強める特性(リスクパターン)_E16_衝動性_スコア,潜在的なストレス耐性_ストレスを強める特性(リスクパターン)_E17_悲観主義_スコア,潜在的なストレス耐性_ストレスを強める特性(リスクパターン)_E18_自己愛傾向_スコア,潜在的なストレス耐性_ストレス対処法(コーピング)_E20_ストレス対処法(コーピング)_スコア,潜在的なストレス耐性_ストレス対処法(コーピング)_E21_気晴らし_スコア,潜在的なストレス耐性_ストレス対処法(コーピング)_E22_積極対処_スコア,潜在的なストレス耐性_ストレス対処法(コーピング)_E23_対人_スコア,潜在的なストレス耐性_ストレス対処法(コーピング)_E24_否認_スコア,潜在的なストレス耐性_ストレス対処法(コーピング)_E25_あきらめ_スコア,潜在的なストレス耐性_ストレス緩和力_E30_ストレス緩和力_スコア,潜在的なストレス耐性_ストレス緩和力_E31_周囲からのサポート_スコア,潜在的なストレス耐性_ストレス緩和力_E32_周囲との調整力_スコア,潜在的なストレス耐性_ストレス緩和力_E33_自己効力感_スコア,潜在的なストレス耐性_ストレス緩和力_E34_安定性_スコア,現在のストレス状態_現在のストレス状態_スコア,現在のストレス状態_仕事(学業)への満足度_スコア,現在のストレス状態_プライベートとのバランス_スコア,現在のストレス状態_抑うつ・不安_スコア,現在のストレス状態_不機嫌・怒り_スコア,現在のストレス状態_無気力感_スコア,label
1,64.8,44.2,43.4,61.5,31.0,46.1,48.5,46.2,44.1,38.4,41.8,37.3,63.9,67.7,54.5,66.2,69.0,45.4,57.0,50.7,62.1,47.3,44.7,50.2,41.6,53.9,50.6,55.1,48.3,54.7,58.1,54.3,54.6,59.0,52.5,51.9,48.5,48.8,0
1,62.7,50.8,50.5,54.6,48.5,31.8,52.3,46.2,24.7,56.0,33.8,42.6,46.4,42.6,50.7,45.6,45.0,37.0,52.8,56.7,50.3,44.5,48.5,35.3,54.5,45.1,46.8,44.2,57.8,44.7,31.1,49.5,47.6,48.1,41.4,55.9,52.7,48.8,0
1,46.2,62.4,47.3,48.0,62.2,31.8,48.5,35.5,38.4,55.3,53.2,68.9,37.7,38.4,65.7,41.5,40.2,32.8,40.2,50.7,30.7,49.4,52.4,45.3,54.5,45.1,50.6,44.2,57.8,49.7,40.1,35.0,49.2,61.7,41.4,43.8,56.9,39.6,0
0,55.5,63.3,56.3,58.5,60.2,45.4,52.3,46.2,49.8,56.7,51.2,66.2,45.3,42.6,47.0,58.0,49.8,37.0,52.8,50.7,38.5,40.7,48.5,45.3,33.0,49.5,43.0,50.4,43.6,54.7,49.1,54.3,47.8,50.8,41.4,51.9,52.7,48.8,0
1,30.9,36.2,56.3,47.0,40.7,37.5,44.6,44.0,45.3,38.4,36.3,58.3,44.3,42.6,50.7,45.6,45.0,41.2,52.8,50.7,42.5,48.7,48.5,45.3,54.5,49.5,46.8,41.0,48.3,44.7,40.1,39.8,49.1,59.0,41.4,51.9,48.5,44.2,0
1,52.5,48.3,36.7,43.1,62.2,44.7,52.3,43.0,52.1,42.6,42.8,47.8,45.3,42.6,54.5,45.6,35.5,53.9,48.6,56.7,38.5,52.5,52.4,50.2,54.5,53.9,46.8,48.9,48.3,49.7,53.6,44.6,49.9,53.6,41.4,51.9,48.5,58.0,0
0,44.5,52.7,46.2,48.7,39.8,49.4,38.3,41.2,50.2,42.0,51.4,39.6,46.0,53.0,49.7,47.0,45.7,57.3,37.8,44.4,44.8,39.3,39.6,46.9,29.2,49.6,49.8,39.4,37.9,37.8,43.0,48.8,44.6,26.0,68.1,47.9,40.3,42.3,0
0,57.3,42.1,55.6,52.6,71.3,57.8,74.4,55.6,56.0,67.0,70.3,42.8,51.3,43.9,57.3,56.4,45.8,53.4,52.1,43.7,54.2,53.3,41.3,61.2,40.6,60.8,56.8,65.7,57.4,61.5,62.1,60.6,39.2,29.0,43.2,51.7,56.2,53.5,0
0,59.1,40.1,41.3,53.8,56.3,61.9,52.3,55.8,43.0,43.3,33.8,47.8,55.3,42.6,69.4,58.0,30.7,53.9,65.4,56.7,50.3,59.1,48.5,50.2,58.7,67.1,54.4,44.2,53.1,39.7,40.1,49.5,53.9,61.7,35.8,55.9,56.9,58.0,0
1,58.8,32.4,52.8,57.3,37.8,43.4,65.8,52.1,53.9,31.4,48.8,42.3,62.3,53.0,57.1,67.2,68.7,61.2,50.2,56.9,48.6,58.2,58.1,52.3,55.9,53.9,57.9,54.2,43.5,47.8,65.3,53.3,54.5,47.9,62.7,51.9,50.2,47.3,0
1,57.2,50.7,42.0,52.9,46.6,58.3,48.5,50.4,40.7,53.9,28.9,50.5,43.1,42.6,50.7,41.5,59.4,53.9,52.8,32.7,34.6,50.1,48.5,50.2,58.7,45.1,46.8,36.3,48.3,39.7,35.6,35.0,50.3,64.4,41.4,47.8,48.5,44.2,0
0,21.4,45.0,49.8,57.6,54.6,52.0,50.3,57.4,56.0,43.2,56.7,47.0,65.5,66.3,36.2,70.0,60.4,48.9,69.3,58.2,54.2,57.0,41.3,61.2,46.0,55.6,67.8,65.7,57.4,67.0,51.4,65.3,62.6,39.6,71.8,61.5,60.9,58.4,0
1,25.9,31.1,47.1,37.4,58.8,50.1,54.3,48.4,59.8,56.4,41.5,38.7,31.9,43.9,20.4,38.2,45.8,44.3,52.1,21.8,47.9,53.3,60.8,55.6,56.7,45.1,40.4,49.6,57.4,39.5,46.0,55.8,54.2,63.5,51.4,46.7,42.4,48.6,0
1,42.7,48.9,47.6,53.3,48.5,44.7,52.3,45.1,37.3,39.1,48.7,50.5,44.7,46.8,43.3,45.6,54.6,45.4,40.2,50.7,46.4,50.8,44.7,45.3,63.0,53.9,43.0,55.1,62.5,54.7,44.6,54.3,49.0,56.3,41.4,51.9,48.5,48.8,0
1,56.2,51.2,59.8,20.4,54.6,42.3,38.3,50.2,44.6,58.2,43.2,38.7,55.5,48.4,52.1,60.9,55.5,48.9,57.9,50.9,47.9,40.3,46.2,38.7,51.3,39.9,45.9,43.6,45.2,45.0,40.6,51.1,48.6,52.9,43.2,54.1,47.0,48.6,0
1,60.2,39.5,60.3,27.7,42.0,27.8,48.3,52.0,40.8,43.2,37.6,30.4,37.6,43.9,31.0,47.3,45.8,44.3,57.9,21.8,47.9,40.3,51.1,38.7,56.7,39.9,34.9,29.5,39.0,45.0,35.2,27.5,32.6,42.3,39.1,36.8,47.0,34.1,0
0,56.3,50.1,63.7,63.6,42.0,44.3,64.3,53.8,44.6,27.4,56.7,59.3,69.1,61.8,41.5,65.4,70.2,62.6,63.6,58.2,60.5,40.3,36.5,38.7,40.6,55.6,51.3,57.6,57.4,56.0,56.8,51.1,64.0,55.6,63.6,59.1,51.6,58.4,0
1,54.4,57.2,59.8,44.9,42.7,34.0,21.7,45.1,30.4,58.8,50.2,58.3,36.0,38.4,50.7,33.3,35.5,41.2,48.6,38.7,42.5,36.2,48.5,35.3,45.9,40.6,31.7,31.6,48.3,39.7,22.2,35.0,36.7,53.6,35.8,35.7,31.8,44.2,0
1,52.3,41.8,66.9,60.5,60.2,34.7,48.5,41.9,43.0,49.0,46.8,63.6,30.9,42.6,39.5,41.5,40.2,32.8,31.8,38.7,34.6,52.5,64.0,40.3,54.5,49.5,50.6,44.2,53.1,54.7,44.6,30.2,53.3,64.4,41.4,47.8,52.7,53.4,0
0,26.3,54.7,44.0,55.4,46.6,43.3,59.9,39.8,45.3,40.5,53.2,47.8,49.7,51.0,50.7,58.0,49.8,41.2,52.8,44.7,50.3,48.7,48.5,45.3,54.5,49.5,46.8,47.3,48.3,44.7,49.1,49.5,45.9,48.1,46.9,47.8,44.3,48.8,0
0,61.5,53.5,67.8,37.2,52.4,45.4,44.6,34.4,53.3,51.1,45.3,50.5,52.4,46.8,61.9,58.0,49.8,45.4,48.6,56.7,46.4,61.5,56.3,55.2,58.7,53.9,65.7,53.6,53.1,44.7,58.1,54.3,57.0,48.1,52.5,64.0,56.9,58.0,0
0,51.3,40.1,54.2,40.4,31.5,24.9,44.3,41.2,20.0,43.2,36.4,38.7,27.1,39.4,31.0,33.6,45.8,39.7,29.1,43.7,35.2,29.2,46.2,33.1,51.3,34.7,24.0,31.5,51.3,28.5,24.5,46.4,33.8,42.3,55.5,36.8,42.4,20.0,0
1,33.1,20.0,60.6,32.7,50.5,42.6,44.6,34.4,41.8,56.7,63.2,50.5,53.8,51.0,58.2,49.7,40.2,58.1,57.0,50.7,54.2,56.7,48.5,50.2,67.3,53.9,50.6,47.3,53.1,54.7,40.1,44.6,52.6,48.1,63.6,43.8,48.5,48.8,0
0,49.2,43.0,27.4,63.9,44.1,54.9,62.3,46.6,56.0,45.9,43.8,47.0,49.2,52.9,67.9,56.4,55.5,53.4,34.9,36.4,41.5,57.0,51.1,50.0,56.7,60.8,51.3,43.6,51.3,39.5,56.8,36.9,39.8,39.6,43.2,39.3,51.6,53.5,0
0,52.2,42.8,65.5,50.9,46.6,52.6,52.3,48.3,63.5,51.1,53.2,42.6,71.4,63.5,54.5,66.2,64.2,66.5,69.6,62.7,62.1,59.1,60.2,50.2,50.2,62.7,58.1,50.4,48.3,49.7,49.1,54.3,67.9,59.0,63.6,64.0,61.1,62.6,0
2,39.9,46.6,38.7,41.2,53.8,49.6,57.8,61.3,51.9,60.9,58.5,66.3,55.2,49.9,65.1,46.9,42.9,58.9,50.5,54.7,58.5,50.6,54.5,53.8,44.7,51.7,48.0,55.9,41.5,57.6,56.2,62.4,50.6,50.5,54.5,49.3,45.6,46.6,0
0,61.4,58.4,59.7,48.3,54.6,49.1,40.3,41.2,48.4,47.6,58.4,47.0,53.4,57.3,41.5,42.7,50.7,53.4,57.9,50.9,60.5,45.9,46.2,50.0,40.6,50.4,51.3,51.6,45.2,56.0,40.6,60.6,54.3,63.5,47.3,49.2,47.0,48.6,0
0,58.0,67.5,47.7,61.5,62.2,64.1,56.1,51.5,67.0,50.4,51.2,55.7,59.2,63.5,50.7,49.7,40.2,58.1,61.2,62.7,58.2,59.5,48.5,65.2,37.3,67.1,65.7,58.3,48.3,59.7,53.6,63.9,60.1,50.8,52.5,64.0,61.1,62.6,0
0,53.8,63.1,44.3,64.1,49.8,43.2,42.6,28.8,49.4,38.9,60.8,33.7,54.7,49.9,50.3,52.3,47.9,54.6,56.0,47.9,63.7,48.2,33.2,53.8,49.0,51.7,59.0,38.8,57.3,41.1,32.9,36.4,57.8,58.4,54.5,57.9,50.4,51.5,0
1,42.5,40.4,55.2,52.3,50.5,37.5,37.0,46.2,53.3,56.0,57.2,61.0,46.2,46.8,39.5,58.0,45.0,41.2,61.2,44.7,42.5,56.3,60.2,45.3,54.5,53.9,58.1,52.0,57.8,59.7,40.1,49.5,55.3,59.0,46.9,55.9,56.9,48.8,0
1,38.8,29.8,35.8,39.4,54.6,53.0,58.3,55.6,56.0,54.7,59.0,47.0,60.2,61.8,46.8,38.2,65.3,71.8,40.6,65.5,60.5,68.2,56.0,66.8,56.7,66.0,56.8,51.6,63.5,39.5,51.4,51.1,50.0,44.9,59.5,44.2,47.0,53.5,0
1,43.5,42.0,44.8,35.1,42.0,36.5,20.0,23.2,40.8,50.3,67.5,30.4,44.5,75.3,41.5,38.2,45.8,48.9,46.4,29.1,47.9,27.3,36.5,27.5,29.9,45.1,45.9,35.5,57.4,39.5,35.2,32.2,48.3,55.6,47.3,46.7,47.0,43.8,0
1,46.2,40.8,48.2,56.7,50.5,56.9,40.8,54.7,59.0,50.4,49.7,42.6,52.4,55.2,54.5,41.5,54.6,58.1,57.0,38.7,54.2,57.4,48.5,55.2,54.5,58.3,58.1,53.6,48.3,54.7,53.6,54.3,57.4,45.4,63.6,51.9,56.9,58.0,0
0,65.1,58.0,54.3,59.6,65.8,60.0,71.2,70.1,67.7,43.7,42.8,71.7,51.6,32.8,41.5,44.4,32.6,70.4,69.0,61.9,50.3,41.9,28.4,62.6,23.9,46.1,64.5,65.1,54.1,62.1,60.2,67.3,58.7,60.3,44.9,62.2,59.6,61.3,0
1,59.5,52.6,41.3,44.2,58.8,42.3,44.3,39.4,44.6,40.6,54.5,42.8,39.7,43.9,52.1,47.3,40.9,53.4,34.9,50.9,28.9,38.4,46.2,44.3,35.2,55.6,34.9,53.6,57.4,61.5,46.0,46.4,59.9,47.6,55.5,59.1,60.9,63.2,0
1,47.2,44.3,51.7,60.0,46.6,52.6,52.3,45.1,45.3,60.9,55.7,61.0,40.4,42.6,47.0,41.5,40.2,32.8,57.0,50.7,38.5,52.5,56.3,55.2,54.5,49.5,43.0,48.9,62.5,44.7,35.6,54.3,38.2,37.3,41.4,43.8,52.7,39.6,0
0,57.1,53.4,61.0,60.5,50.4,40.4,50.3,50.2,52.2,48.5,56.2,47.0,46.0,66.3,46.8,51.8,45.8,48.9,40.6,43.7,35.2,42.2,31.6,50.0,46.0,45.1,56.8,55.6,45.2,56.0,51.4,60.6,43.5,52.9,51.4,36.8,37.7,43.8,0
1,61.5,57.4,43.0,42.9,58.8,53.9,54.3,53.8,59.8,52.9,58.4,51.1,68.6,57.3,57.3,70.0,70.2,62.6,57.9,58.2,47.9,45.9,46.2,44.3,51.3,45.1,51.3,63.7,57.4,61.5,56.8,60.6,58.9,52.9,67.7,56.6,51.6,38.9,0
0,55.9,53.2,43.6,52.1,36.8,52.6,59.9,39.8,55.5,58.1,38.3,42.6,59.4,67.7,54.5,58.0,40.2,58.1,48.6,56.7,62.1,59.5,60.2,55.2,54.5,58.3,54.4,45.7,20.0,54.7,58.1,54.3,62.5,42.7,69.2,64.0,61.1,58.0,0
1,31.0,50.3,63.2,46.1,50.5,50.4,44.6,44.0,53.3,53.2,53.2,47.8,60.6,55.2,54.5,58.0,49.8,62.3,57.0,62.7,54.2,53.5,52.4,55.2,54.5,49.5,50.6,56.7,57.8,54.7,58.1,49.5,54.1,48.1,52.5,60.0,56.9,48.8,0
0,49.0,48.4,64.2,44.8,50.5,45.4,40.8,53.6,55.5,46.9,38.3,50.5,53.2,51.0,47.0,62.1,54.6,41.2,57.0,44.7,58.2,50.8,64.0,40.3,45.9,49.5,54.4,56.7,57.8,54.7,49.1,59.1,49.1,48.1,52.5,51.9,44.3,48.8,0
0,59.0,53.7,41.5,48.3,71.3,68.4,74.4,73.6,67.4,64.4,47.1,75.9,57.1,52.9,20.0,74.5,70.2,76.4,29.1,65.5,60.5,47.7,20.0,66.8,29.9,71.2,67.8,71.7,63.5,72.5,72.9,51.1,59.4,63.5,39.1,54.1,60.9,63.2,0
1,54.3,59.0,60.3,63.0,67.1,30.7,46.3,57.4,29.5,57.3,52.8,59.3,57.1,57.3,52.1,56.4,60.4,53.4,57.9,43.7,47.9,49.6,51.1,44.3,51.3,55.6,45.9,59.6,63.5,61.5,40.6,60.6,30.1,34.3,43.2,44.2,28.5,43.8,0
1,26.3,39.8,31.6,32.2,37.8,28.8,56.3,53.8,44.6,44.1,43.8,51.1,48.7,57.3,41.5,51.8,45.8,58.0,46.4,43.7,47.9,44.0,51.1,38.7,51.3,39.9,51.3,43.6,45.2,45.0,40.6,51.1,42.9,37.0,55.5,44.2,51.6,43.8,0
0,56.4,56.4,43.6,41.6,62.9,58.8,64.3,68.2,63.6,52.9,50.0,51.1,61.8,48.4,25.7,60.9,60.4,71.8,63.6,58.2,60.5,70.0,65.7,61.2,56.7,60.8,62.3,63.7,45.2,61.5,56.8,70.0,53.1,31.7,67.7,61.5,51.6,53.5,0
0,32.7,42.9,55.7,38.0,46.2,42.3,58.3,41.2,40.8,52.0,39.2,38.7,36.1,48.4,31.0,47.3,40.9,30.5,52.1,36.4,47.9,25.4,36.5,33.1,51.3,24.3,34.9,37.5,45.2,56.0,40.6,27.5,34.1,50.2,47.3,31.9,28.5,34.1,0
1,61.4,40.7,38.0,48.0,54.4,48.3,48.5,46.2,40.7,63.8,63.7,53.1,60.0,51.0,58.2,62.1,49.8,58.1,57.0,56.7,58.2,58.1,60.2,55.2,54.5,53.9,54.4,58.3,62.5,59.7,49.1,54.3,56.3,59.0,46.9,51.9,61.1,53.4,0
0,49.5,29.7,40.5,56.2,48.3,45.2,50.3,53.8,48.4,57.3,70.8,51.1,57.1,57.3,62.6,47.3,50.7,62.6,46.4,58.2,47.9,55.2,65.7,50.0,56.7,45.1,45.9,57.6,57.4,61.5,46.0,55.8,43.1,39.6,47.3,56.6,47.0,43.8,0
0,27.8,57.1,59.1,58.0,36.8,52.6,56.1,50.4,61.2,39.1,47.3,34.7,65.2,71.9,47.0,53.8,59.4,62.3,57.0,50.7,73.9,45.6,44.7,50.2,28.7,58.3,54.4,42.6,20.0,49.7,53.6,59.1,53.6,59.0,52.5,47.8,48.5,48.8,0
1,34.9,33.7,44.7,47.7,61.9,60.0,50.9,61.7,61.9,60.3,57.0,64.0,53.2,53.4,55.5,44.4,54.6,58.5,47.9,49.4,55.2,49.9,51.8,51.9,46.3,46.1,54.6,56.8,48.2,57.2,55.7,57.9,48.3,48.2,44.9,46.9,59.6,51.9,0
1,51.2,59.8,51.9,52.7,60.2,58.3,52.3,38.7,49.8,60.9,60.7,45.2,60.8,63.5,58.2,49.7,54.6,66.5,52.8,56.7,54.2,60.8,52.4,60.2,58.7,53.9,61.9,58.3,53.1,54.7,58.1,59.1,59.1,56.3,46.9,64.0,61.1,58.0,0
1,62.9,55.8,49.8,62.1,23.2,41.4,44.3,59.2,52.2,20.0,35.3,38.7,63.9,70.8,57.3,60.9,50.7,62.6,57.9,36.4,66.9,40.3,46.2,50.0,20.0,50.4,62.3,35.5,20.6,45.0,35.2,55.8,44.0,21.0,63.6,59.1,51.6,48.6,0
1,50.4,32.2,36.0,44.9,60.2,42.6,44.6,30.2,47.5,43.3,59.2,45.2,38.9,42.6,50.7,49.7,45.0,41.2,44.4,32.7,38.5,46.6,48.5,45.3,50.2,53.9,39.2,44.2,62.5,49.7,40.1,30.2,43.9,59.0,35.8,47.8,40.2,44.2,0
1,61.5,38.1,38.4,57.1,35.7,38.5,38.3,44.8,40.8,40.6,52.2,51.1,45.5,43.9,36.2,33.6,55.5,48.9,57.9,58.2,41.5,40.3,46.2,38.7,56.7,45.1,34.9,37.5,32.9,45.0,51.4,36.9,35.6,26.3,39.1,54.1,51.6,53.5,0
1,59.4,56.4,44.6,59.6,39.9,36.5,34.3,21.4,29.5,35.3,59.6,47.0,38.2,43.9,36.2,38.2,60.4,58.0,23.4,43.7,47.9,31.0,20.0,61.2,20.0,71.2,51.3,41.6,20.0,67.0,56.8,51.1,20.4,44.9,35.0,29.4,20.0,29.2,0
1,52.6,46.8,57.6,43.3,54.4,52.6,44.6,40.8,57.8,53.2,61.7,61.0,55.0,42.6,50.7,37.4,49.8,70.7,65.4,62.7,46.4,61.2,60.2,55.2,67.3,53.9,50.6,61.4,62.5,59.7,58.1,54.3,59.5,53.6,58.1,55.9,56.9,58.0,0
0,60.5,62.1,53.4,60.7,50.4,41.4,46.3,57.4,52.2,46.7,47.7,67.6,55.0,48.4,41.5,60.9,50.7,62.6,52.1,65.5,35.2,47.7,56.0,50.0,46.0,39.9,51.3,49.6,45.2,50.5,51.4,51.1,69.9,63.5,67.7,59.1,60.9,48.6,0
0,66.1,56.3,56.2,63.7,46.2,41.4,46.3,48.4,37.0,61.7,48.3,59.3,72.3,70.8,62.6,56.4,55.5,58.0,69.3,65.5,60.5,64.4,51.1,50.0,56.7,66.0,67.8,55.6,57.4,56.0,40.6,60.6,60.5,47.6,67.7,59.1,51.6,53.5,0
1,60.8,54.0,45.2,63.9,60.2,57.6,52.3,52.6,43.0,63.8,30.9,53.1,58.4,51.0,58.2,66.2,54.6,49.6,69.6,44.7,50.3,59.8,52.4,50.2,67.3,53.9,58.1,63.0,62.5,69.7,40.1,68.8,58.0,59.0,41.4,60.0,61.1,62.6,0
1,51.4,54.6,43.4,50.7,29.5,21.1,38.3,48.4,29.5,53.8,20.0,34.6,35.0,48.4,31.0,38.2,40.9,39.7,52.1,36.4,41.5,38.4,36.5,44.3,56.7,34.7,45.9,41.6,45.2,50.5,40.6,41.7,33.7,47.6,39.1,39.3,37.7,34.1,0
0,57.9,59.2,58.6,52.5,46.6,49.0,44.6,39.8,52.1,53.2,56.7,45.2,65.8,63.5,65.7,58.0,49.8,45.4,65.4,62.7,69.9,49.7,48.5,50.2,50.2,49.5,50.6,42.6,48.3,49.7,44.6,35.0,67.9,64.4,58.1,64.0,61.1,62.6,0
1,55.7,47.5,66.3,67.5,60.2,61.2,56.1,54.7,70.4,63.8,67.1,58.3,65.6,51.0,61.9,70.3,59.4,53.9,69.6,56.7,58.2,57.0,56.3,55.2,45.9,62.7,54.4,64.6,57.8,64.7,58.1,63.9,73.6,69.8,69.2,64.0,56.9,62.6,0
0,59.3,53.0,53.3,68.4,23.2,48.1,50.3,55.6,52.2,38.8,38.7,67.6,64.4,66.3,46.8,51.8,60.4,62.6,52.1,65.5,60.5,53.3,51.1,50.0,29.9,66.0,62.3,39.5,57.4,39.5,35.2,41.7,72.9,63.5,71.8,59.1,60.9,53.5,0
0,55.3,60.7,51.7,51.2,42.7,50.4,52.3,41.9,51.0,40.5,61.2,47.8,59.6,59.3,58.2,53.8,54.6,41.2,57.0,62.7,62.1,58.8,52.4,55.2,54.5,62.7,54.4,50.4,48.3,54.7,49.1,49.5,50.2,50.8,52.5,51.9,44.3,48.8,0
0,61.3,47.9,62.2,56.4,50.5,43.3,59.9,51.5,56.7,49.0,47.3,42.6,62.3,63.5,61.9,58.0,59.4,45.4,61.2,56.7,58.2,50.1,56.3,40.3,50.2,49.5,54.4,52.0,38.9,49.7,58.1,59.1,63.0,59.0,63.6,60.0,52.7,53.4,0
1,50.2,55.6,56.1,61.7,53.8,46.4,48.3,61.3,50.7,54.2,63.6,66.3,58.4,49.9,60.2,52.3,57.8,50.3,61.5,54.7,53.4,66.5,54.5,59.8,57.5,65.5,64.5,61.1,62.6,52.1,56.2,62.4,52.2,53.1,45.2,53.6,50.4,61.5,0
1,60.6,64.4,54.5,58.6,50.5,49.7,40.8,41.9,38.4,47.6,49.2,47.8,37.3,42.6,50.7,41.5,30.7,32.8,52.8,44.7,38.5,52.2,56.3,50.2,50.2,53.9,46.8,39.4,57.8,44.7,35.6,30.2,47.6,37.3,52.5,51.9,48.5,58.0,0
0,64.6,50.6,56.9,58.9,58.8,46.2,42.3,46.6,40.8,35.3,45.5,51.1,66.0,48.4,52.1,65.4,60.4,71.8,57.9,65.5,47.9,53.3,51.1,50.0,51.3,50.4,56.8,43.6,39.0,45.0,40.6,55.8,36.8,47.6,47.3,41.8,28.5,38.9,0
1,53.0,57.2,57.6,46.7,48.5,49.7,44.6,52.6,53.3,55.3,51.2,61.0,40.2,42.6,58.2,41.5,40.2,41.2,36.0,44.7,46.4,55.3,60.2,50.2,50.2,53.9,54.4,55.1,62.5,54.7,49.1,49.5,55.0,53.6,46.9,60.0,61.1,48.8,0
1,52.3,32.7,37.8,43.4,62.2,46.9,44.6,39.8,43.0,53.2,56.7,50.5,43.3,51.0,47.0,37.4,40.2,49.6,48.6,44.7,46.4,46.6,40.8,45.3,54.5,49.5,46.8,53.6,48.3,54.7,58.1,49.5,38.8,50.8,41.4,39.7,36.0,39.6,0
0,59.0,36.5,53.7,59.2,46.6,51.2,37.0,48.3,54.4,47.6,47.8,47.8,52.4,42.6,54.5,45.6,64.2,53.9,57.0,38.7,58.2,41.4,33.0,45.3,33.0,58.3,50.6,52.0,48.3,54.7,49.1,54.3,57.8,59.0,58.1,51.9,52.7,48.8,0
1,64.7,47.8,52.3,44.2,45.8,59.2,63.4,46.2,59.6,55.0,53.5,50.0,71.2,63.4,60.2,68.3,62.7,63.2,61.5,61.4,58.5,57.7,61.7,41.8,61.8,51.7,53.5,57.7,57.3,41.1,65.5,57.2,68.4,68.9,63.9,57.9,55.2,56.5,0
1,43.0,46.7,46.1,49.3,46.2,49.1,38.3,35.8,29.5,35.3,50.0,34.6,47.1,48.4,36.2,47.3,45.8,48.9,57.9,36.4,66.9,42.2,46.2,44.3,51.3,39.9,45.9,41.6,45.2,45.0,46.0,41.7,39.6,29.0,63.6,46.7,42.4,38.9,0
1,60.8,46.6,47.9,52.9,48.3,42.3,34.3,52.0,40.8,45.9,50.5,47.0,49.7,57.3,57.3,51.8,45.8,44.3,46.4,43.7,54.2,44.0,56.0,44.3,46.0,45.1,40.4,49.6,51.3,56.0,40.6,51.1,28.0,37.0,47.3,34.3,28.5,34.1,0
1,60.7,42.1,49.2,53.8,46.6,32.5,37.0,48.3,45.3,46.2,45.3,50.5,43.5,42.6,35.8,53.8,45.0,41.2,52.8,50.7,42.5,44.2,48.5,40.3,45.9,45.1,50.6,50.4,48.3,54.7,44.6,54.3,45.2,48.1,52.5,43.8,40.2,44.2,0
0,39.6,49.7,38.3,57.6,64.1,52.6,52.3,48.3,55.5,58.8,48.3,42.6,53.4,46.8,58.2,45.6,49.8,62.3,52.8,44.7,58.2,50.8,48.5,50.2,45.9,53.9,54.4,48.9,57.8,44.7,44.6,49.5,45.3,34.6,46.9,51.9,52.7,58.0,0
0,54.6,27.8,57.5,52.5,62.2,47.6,40.8,50.4,35.0,51.8,20.0,50.5,43.5,51.0,28.3,53.8,59.4,41.2,40.2,44.7,46.4,47.6,52.4,45.3,54.5,49.5,39.2,44.2,48.3,44.7,44.6,44.6,29.8,53.6,35.8,20.0,36.0,30.4,0
0,51.4,52.1,66.0,65.3,54.6,38.5,48.3,64.6,48.4,46.7,44.9,47.0,62.8,52.9,36.2,70.0,60.4,53.4,63.6,58.2,60.5,42.2,26.7,55.6,20.0,66.0,62.3,47.6,20.6,56.0,46.0,65.3,65.8,52.9,63.6,61.5,60.9,58.4,0
1,53.5,48.8,48.7,41.0,40.7,36.8,40.8,41.9,39.6,37.0,26.9,50.5,37.5,42.6,47.0,45.6,40.2,45.4,44.4,32.7,38.5,48.7,48.5,50.2,54.5,45.1,46.8,44.2,48.3,39.7,49.1,44.6,51.3,42.7,63.6,47.8,48.5,48.8,0
0,54.8,63.0,67.8,49.5,53.8,59.2,57.8,56.6,72.4,54.2,63.0,62.3,56.5,45.4,45.4,46.9,57.8,54.6,61.5,61.4,58.5,58.5,47.4,59.8,49.0,58.6,64.5,67.9,62.6,63.0,70.1,57.2,64.8,53.1,63.9,62.2,60.1,61.5,0
1,41.4,31.4,30.7,49.2,60.8,55.9,40.3,43.0,44.6,32.6,54.5,38.7,52.9,43.9,46.8,65.4,65.3,53.4,34.9,43.7,66.9,44.0,46.2,44.3,46.0,39.9,56.8,59.6,63.5,50.5,56.8,55.8,42.2,47.6,51.4,41.8,33.1,48.6,0
1,48.2,53.3,52.5,49.1,40.7,39.0,40.8,47.2,40.7,35.6,50.7,50.5,50.5,42.6,50.7,49.7,49.8,49.6,57.0,56.7,46.4,45.2,52.4,45.3,41.6,45.1,50.6,50.4,57.8,49.7,44.6,49.5,55.8,53.6,63.6,47.8,52.7,44.2,0
1,37.0,30.2,48.0,41.5,44.6,45.4,48.5,44.0,49.8,42.6,39.8,47.8,47.4,42.6,54.5,53.8,54.6,45.4,40.2,50.7,46.4,47.6,48.5,50.2,54.5,45.1,43.0,53.6,48.3,54.7,53.6,54.3,54.6,59.0,52.5,51.9,48.5,48.8,0
1,56.0,50.6,60.9,39.1,39.9,20.0,38.3,28.6,20.0,37.1,46.0,42.8,32.4,39.4,41.5,33.6,40.9,39.7,46.4,36.4,41.5,27.3,56.0,21.8,56.7,24.3,24.0,47.6,57.4,50.5,40.6,46.4,32.6,52.9,35.0,36.8,37.7,29.2,0
1,64.0,50.0,35.0,60.5,36.8,50.4,59.9,46.2,49.8,38.4,29.9,32.0,63.9,55.2,61.9,58.0,59.4,58.1,65.4,56.7,58.2,63.3,56.3,65.2,58.7,53.9,61.9,59.9,57.8,59.7,58.1,54.3,66.9,64.4,58.1,60.0,61.1,62.6,0
1,53.1,44.6,45.0,35.2,48.5,39.7,52.3,39.8,40.7,40.5,50.2,42.6,52.8,42.6,39.5,58.0,54.6,58.1,48.6,56.7,54.2,50.8,56.3,35.3,63.0,49.5,46.8,58.3,62.5,54.7,53.6,54.3,47.4,37.3,69.2,43.8,44.3,39.6,0
1,42.3,33.5,44.9,59.1,50.5,42.6,48.5,47.2,54.4,53.2,48.3,47.8,42.7,42.6,43.3,41.5,40.2,41.2,57.0,56.7,38.5,48.3,48.5,45.3,50.2,49.5,50.6,48.9,48.3,54.7,40.1,54.3,45.6,48.1,41.4,47.8,52.7,48.8,0
0,40.5,34.8,40.5,45.0,49.8,49.6,37.0,45.0,64.8,35.6,64.1,41.9,56.1,63.4,50.3,57.6,67.6,41.7,56.0,47.9,43.0,54.6,33.2,59.8,53.2,65.5,53.5,55.9,52.0,52.1,56.2,57.2,58.4,50.5,73.2,44.9,45.6,46.6,0
0,49.0,49.2,60.8,44.3,62.9,58.8,64.3,50.2,40.8,54.7,63.5,42.8,54.4,52.9,41.5,56.4,55.5,62.6,46.4,50.9,54.2,27.3,21.8,50.0,20.0,55.6,45.9,41.6,20.0,56.0,51.4,55.8,36.7,42.3,39.1,46.7,33.1,53.5,0
1,45.9,48.3,39.1,50.1,67.9,53.9,38.3,47.7,52.6,61.6,65.7,61.0,53.5,36.5,57.1,59.1,54.9,49.7,66.6,63.2,33.3,57.5,62.8,46.9,60.4,45.2,61.9,60.8,60.4,62.8,51.9,57.9,60.7,54.2,57.2,59.8,60.1,57.1,0
1,51.3,64.6,59.1,46.7,48.5,55.5,52.3,48.3,46.4,56.0,39.3,47.8,52.4,46.8,47.0,58.0,54.6,45.4,48.6,56.7,54.2,60.5,56.3,60.2,54.5,53.9,61.9,55.1,57.8,54.7,44.6,59.1,47.4,48.1,35.8,51.9,61.1,53.4,0
0,55.5,40.0,51.8,55.0,56.3,63.3,52.3,45.1,47.5,60.9,49.2,63.6,38.1,38.4,50.7,37.4,45.0,53.9,40.2,32.7,42.5,60.5,52.4,65.2,58.7,58.3,50.6,61.4,53.1,64.7,62.6,54.3,46.9,53.6,41.4,43.8,44.3,58.0,0
1,50.6,40.5,47.2,33.1,62.9,58.8,68.4,52.0,44.6,52.9,64.1,42.8,40.8,39.4,41.5,47.3,40.9,62.6,29.1,58.2,41.5,44.0,36.5,44.3,51.3,45.1,56.8,53.6,57.4,45.0,56.8,51.1,42.6,47.6,39.1,49.2,51.6,43.8,0
0,51.0,54.1,66.8,45.7,54.4,66.2,63.8,50.4,64.7,61.6,52.7,47.8,53.6,46.8,47.0,53.8,54.6,62.3,57.0,50.7,46.4,58.4,56.3,65.2,45.9,58.3,54.4,53.6,48.3,49.7,58.1,54.3,53.3,48.1,58.1,55.9,48.5,48.8,0
1,37.6,31.7,48.7,39.1,50.5,45.4,52.3,37.6,40.7,53.2,63.2,63.6,43.5,55.2,43.3,45.6,49.8,41.2,44.4,44.7,42.5,55.6,60.2,50.2,54.5,53.9,50.6,58.3,57.8,59.7,53.6,54.3,38.8,56.3,35.8,31.6,40.2,44.2,0
0,47.4,56.5,60.3,50.2,46.6,48.3,33.1,52.6,56.7,44.8,47.8,50.5,53.0,55.2,50.7,62.1,45.0,45.4,61.2,32.7,62.1,57.0,56.3,50.2,50.2,62.7,54.4,53.6,62.5,49.7,40.1,59.1,34.6,34.6,52.5,39.7,23.4,44.2,0
0,55.5,48.0,66.0,39.1,60.8,37.5,56.3,59.2,44.6,49.4,48.8,51.1,62.8,48.4,46.8,70.0,65.3,58.0,57.9,65.5,41.5,25.4,31.6,38.7,20.0,55.6,34.9,49.6,39.0,56.0,46.0,55.8,56.7,58.2,39.1,54.1,60.9,63.2,0
0,53.3,43.1,62.9,46.8,53.8,50.9,54.0,42.3,41.6,54.3,55.0,42.3,43.3,32.4,60.8,42.9,36.6,45.9,50.2,63.2,37.1,54.8,58.1,52.3,55.9,53.9,45.7,54.2,54.8,52.8,51.9,53.3,36.6,60.5,40.7,32.0,25.4,32.5,0
1,63.0,53.4,48.0,55.9,36.8,63.3,59.9,60.0,49.8,60.9,25.9,20.0,67.2,63.5,61.9,70.3,73.8,53.9,48.6,56.7,62.1,60.5,60.2,55.2,54.5,58.3,58.1,58.3,62.5,49.7,49.1,63.9,64.9,59.0,63.6,55.9,61.1,58.0,0
0,32.8,28.9,32.7,50.5,66.1,66.9,63.8,57.9,63.5,60.9,62.2,47.8,58.6,63.5,39.5,45.6,69.0,62.3,57.0,44.7,62.1,58.4,48.5,60.2,54.5,53.9,61.9,66.1,53.1,69.7,58.1,68.8,55.0,59.0,41.4,55.9,56.9,58.0,0
0,60.1,51.5,54.2,53.0,58.8,55.9,46.3,34.0,52.2,51.2,64.6,55.2,56.5,57.3,52.1,51.8,45.8,58.0,57.9,50.9,54.2,49.6,46.2,44.3,51.3,55.6,51.3,57.6,45.2,61.5,56.8,55.8,40.0,44.9,39.1,49.2,42.4,48.6,0
1,54.0,53.5,62.1,59.1,62.2,54.7,56.1,54.7,59.0,60.9,45.8,63.6,56.5,59.3,54.5,58.0,45.0,49.6,61.2,50.7,54.2,61.2,56.3,60.2,63.0,53.9,54.4,56.7,57.8,59.7,49.1,54.3,61.6,56.3,58.1,60.0,56.9,58.0,0
1,33.2,48.1,69.2,48.1,69.9,63.3,67.6,52.6,68.1,63.8,75.1,61.0,63.5,59.3,61.9,74.4,59.4,41.2,65.4,62.7,46.4,68.1,64.0,60.2,58.7,67.1,61.9,63.0,62.5,69.7,62.6,44.6,76.8,69.8,74.8,64.0,61.1,62.6,0
0,57.6,35.0,53.9,61.6,42.7,52.6,63.8,40.8,64.7,42.6,38.8,61.0,53.6,55.2,54.5,49.7,49.8,41.2,65.4,56.7,46.4,50.1,52.4,55.2,33.0,53.9,58.1,59.9,62.5,54.7,53.6,59.1,64.1,67.1,58.1,51.9,56.9,58.0,0
1,37.8,57.7,51.6,59.5,53.8,39.0,38.3,33.5,28.1,45.3,57.0,58.3,42.3,40.6,49.7,55.0,36.6,57.3,29.6,50.6,40.9,33.6,53.5,30.5,42.6,36.5,33.6,36.1,32.3,47.8,29.6,48.8,34.0,47.9,40.7,36.0,45.2,20.0,0
0,61.7,61.7,41.9,55.2,56.3,36.8,44.6,28.0,47.5,46.9,54.7,55.7,39.3,46.8,35.8,45.6,40.2,53.9,31.8,38.7,50.3,41.0,44.7,40.3,54.5,36.2,43.0,45.7,48.3,49.7,44.6,44.6,44.0,50.8,46.9,47.8,48.5,30.4,0
0,49.8,49.1,57.4,56.4,69.9,50.4,56.1,46.2,52.1,59.5,54.7,50.5,52.2,46.8,43.3,49.7,54.6,49.6,48.6,62.7,54.2,50.8,52.4,55.2,41.6,53.9,50.6,52.0,48.3,54.7,49.1,54.3,45.9,53.6,41.4,47.8,44.3,48.8,0
1,53.0,45.8,47.1,45.9,42.0,23.0,32.3,68.2,29.5,42.3,30.2,42.8,30.3,39.4,36.2,38.2,40.9,39.7,34.9,36.4,47.9,55.2,56.0,44.3,67.4,55.6,40.4,29.5,39.0,28.5,29.9,46.4,20.0,21.0,26.8,20.0,20.0,20.0,0
0,50.3,54.1,52.6,63.1,48.5,57.6,52.3,46.2,61.2,55.3,45.3,61.0,53.4,51.0,50.7,58.0,40.2,41.2,65.4,62.7,46.4,56.7,52.4,60.2,54.5,45.1,61.9,55.1,57.8,54.7,58.1,44.6,63.5,48.1,63.6,64.0,61.1,62.6,0
1,53.1,46.8,55.7,40.7,62.2,60.5,56.1,45.1,55.5,58.8,56.7,61.0,50.9,46.8,50.7,58.0,49.8,49.6,52.8,50.7,46.4,55.6,60.2,50.2,54.5,53.9,50.6,53.6,57.8,54.7,49.1,49.5,56.7,56.3,58.1,55.9,48.5,48.8,0
1,61.5,66.1,64.5,57.4,61.8,30.4,57.8,43.9,53.2,53.3,47.3,54.1,34.1,40.9,45.4,41.6,38.0,28.9,34.0,54.7,43.0,49.0,54.5,29.8,61.8,51.7,42.5,50.8,57.3,57.6,51.5,36.4,45.3,40.0,54.5,44.9,40.8,51.5,0
1,62.7,64.3,61.9,50.6,66.1,58.3,56.1,50.4,64.7,58.1,53.2,47.8,62.1,51.0,58.2,62.1,49.8,53.9,65.4,62.7,58.2,66.1,60.2,60.2,63.0,62.7,58.1,56.7,57.8,59.7,49.1,54.3,64.6,61.7,52.5,64.0,61.1,62.6,0
1,63.8,55.0,66.0,53.6,54.6,38.5,52.3,57.4,40.8,50.3,37.6,63.5,39.7,30.5,41.5,38.2,45.8,44.3,57.9,50.9,41.5,51.4,46.2,50.0,62.1,50.4,45.9,41.6,45.2,39.5,40.6,51.1,33.7,50.2,35.0,36.8,33.1,43.8,0
1,41.5,47.0,58.3,55.0,36.8,32.5,40.8,39.8,27.0,39.1,22.9,32.0,47.0,51.0,47.0,53.8,49.8,58.1,48.6,38.7,38.5,39.0,25.3,50.2,45.9,36.2,54.4,36.3,29.4,49.7,40.1,39.8,43.1,40.0,58.1,43.8,31.8,48.8,0
1,31.4,35.6,54.5,53.4,46.2,27.8,36.3,50.2,37.0,39.7,50.0,38.7,49.7,43.9,46.8,56.4,50.7,48.9,52.1,50.9,47.9,47.7,46.2,50.0,51.3,45.1,51.3,47.6,45.2,45.0,46.0,55.8,49.4,52.9,55.5,46.7,37.7,48.6,0
0,63.2,47.6,46.3,37.3,58.3,46.9,48.5,35.5,54.4,56.0,55.2,45.2,53.0,59.3,43.3,49.7,40.2,62.3,48.6,50.7,58.2,50.8,52.4,50.2,54.5,45.1,50.6,55.1,53.1,54.7,53.6,54.3,39.6,45.4,41.4,47.8,36.0,44.2,0
1,41.7,55.6,67.5,59.2,50.4,41.4,54.3,55.6,44.6,34.4,54.5,51.1,62.3,57.3,31.0,65.4,60.4,62.6,57.9,58.2,60.5,51.4,46.2,50.0,51.3,55.6,51.3,51.6,45.2,45.0,56.8,55.8,44.1,52.9,47.3,49.2,37.7,38.9,0
1,29.8,40.3,51.7,27.9,35.7,45.2,38.3,44.8,29.5,45.0,47.1,55.2,40.3,43.9,25.7,38.2,50.7,30.5,57.9,58.2,47.9,27.3,41.3,38.7,46.0,24.3,34.9,21.5,39.0,23.0,24.5,36.9,44.9,50.2,47.3,44.2,51.6,38.9,0
0,52.5,37.0,50.2,38.9,50.5,44.7,48.5,48.3,47.5,53.2,45.3,45.2,65.6,59.3,61.9,66.2,69.0,49.6,57.0,56.7,62.1,54.6,52.4,50.2,54.5,53.9,54.4,58.3,53.1,54.7,62.6,54.3,52.3,42.7,63.6,51.9,48.5,48.8,0
1,48.2,35.6,26.5,60.8,37.8,58.8,50.3,55.6,48.4,38.8,32.5,34.6,47.1,52.9,36.2,56.4,50.7,39.7,46.4,65.5,35.2,40.3,46.2,50.0,24.5,50.4,51.3,55.6,57.4,61.5,46.0,51.1,30.8,42.3,43.2,36.8,23.8,43.8,0
0,66.3,62.7,66.5,56.5,53.8,56.1,46.2,32.4,57.6,60.8,52.4,47.6,61.6,53.0,53.4,67.2,64.1,68.8,46.0,56.9,48.6,57.9,62.8,57.8,60.4,40.9,57.9,59.2,49.2,57.8,65.3,53.3,51.4,35.4,51.7,55.9,60.1,62.0,0
0,46.4,59.0,55.9,54.7,52.4,46.1,48.5,54.7,53.3,51.1,40.8,58.3,60.8,67.7,50.7,70.3,49.8,53.9,52.8,62.7,46.4,57.7,40.8,60.2,54.5,58.3,61.9,63.0,48.3,64.7,58.1,68.8,55.3,48.1,58.1,60.0,48.5,53.4,0
1,46.9,51.3,44.0,62.8,44.1,30.7,46.3,66.4,63.6,45.0,43.2,38.7,67.0,70.8,36.2,70.0,65.3,62.6,52.1,58.2,60.5,34.7,36.5,38.7,20.0,45.1,67.8,49.6,51.3,56.0,29.9,60.6,51.9,37.0,63.6,54.1,51.6,53.5,0
1,51.7,51.8,42.7,50.1,44.1,31.7,56.3,62.8,44.6,50.3,28.0,38.7,62.3,48.4,41.5,56.4,45.8,67.2,63.6,65.5,66.9,42.2,41.3,50.0,29.9,55.6,51.3,37.5,32.9,39.5,35.2,55.8,58.2,52.9,51.4,54.1,60.9,58.4,0
0,56.6,55.8,58.8,56.3,58.0,57.1,60.1,40.6,45.7,63.6,60.5,44.9,56.2,61.6,50.8,44.4,54.6,62.5,47.9,55.6,55.2,60.8,59.6,57.3,55.3,58.7,54.6,50.1,54.1,52.2,42.2,53.2,41.3,60.3,36.2,39.2,40.4,47.2,0
0,60.5,20.0,53.5,51.6,38.8,47.6,59.9,43.0,47.5,47.6,52.2,45.2,54.0,55.2,54.5,58.0,59.4,45.4,48.6,50.7,50.3,48.0,40.8,50.2,54.5,49.5,46.8,55.1,57.8,49.7,53.6,54.3,54.7,56.3,58.1,47.8,48.5,48.8,0
1,57.8,44.0,66.0,50.9,56.7,40.4,44.3,35.8,59.8,40.6,50.0,47.0,61.8,52.9,46.8,38.2,65.3,48.9,69.3,65.5,66.9,40.3,46.2,33.1,51.3,39.9,51.3,47.6,45.2,50.5,29.9,65.3,44.6,42.3,59.5,59.1,20.0,48.6,0
1,62.2,52.2,65.5,48.7,58.3,44.7,56.1,46.2,51.0,61.6,65.2,53.1,54.6,55.2,35.8,49.7,49.8,53.9,69.6,56.7,50.3,57.0,52.4,55.2,63.0,45.1,58.1,56.7,53.1,54.7,53.6,59.1,62.5,48.1,63.6,64.0,61.1,58.0,0
0,61.4,59.5,50.6,54.2,54.6,60.7,62.3,64.6,63.6,60.0,55.6,59.3,62.3,52.9,62.6,60.9,55.5,48.9,57.9,58.2,60.5,60.7,60.8,55.6,51.3,55.6,56.8,73.7,63.5,72.5,67.5,60.6,48.9,31.7,47.3,61.5,60.9,63.2,0
0,60.2,54.4,63.5,48.3,52.5,40.4,44.3,57.4,52.2,46.7,43.2,51.1,66.0,48.4,36.2,65.4,65.3,71.8,63.6,58.2,60.5,47.7,46.2,50.0,62.1,45.1,40.4,57.6,57.4,50.5,46.0,65.3,36.3,52.9,59.5,24.4,28.5,24.4,0
1,41.3,29.2,60.8,61.8,50.4,42.3,56.3,66.4,44.6,46.7,33.6,47.0,46.6,66.3,57.3,51.8,36.0,25.9,46.4,43.7,60.5,32.9,41.3,61.2,20.0,39.9,56.8,47.6,39.0,67.0,24.5,60.6,69.3,63.5,63.6,59.1,51.6,63.2,0
1,33.0,26.5,54.8,47.7,37.8,48.6,50.1,31.3,63.7,55.1,63.7,55.7,46.4,44.7,49.7,51.0,41.1,45.9,41.9,50.6,56.3,57.9,48.9,52.3,51.5,66.9,53.8,41.1,43.5,57.8,38.6,35.1,41.2,35.4,51.7,51.9,30.4,47.3,0
1,37.1,39.0,55.0,46.5,46.2,49.1,64.3,35.8,40.8,39.7,64.1,59.3,72.3,57.3,57.3,65.4,75.1,62.6,63.6,58.2,60.5,49.6,56.0,44.3,46.0,45.1,56.8,53.6,57.4,56.0,56.8,41.7,68.7,52.9,71.8,59.1,60.9,58.4,0
1,38.8,53.9,53.5,54.4,58.3,39.7,56.1,49.4,38.4,43.3,55.7,50.5,44.7,42.6,43.3,45.6,54.6,41.2,52.8,50.7,42.5,61.2,60.2,50.2,67.3,58.3,50.6,52.0,62.5,49.7,49.1,44.6,62.5,59.0,52.5,60.0,61.1,62.6,0
0,63.4,55.1,53.3,42.9,58.8,56.8,58.3,52.0,71.2,43.2,59.0,55.2,57.6,57.3,57.3,60.9,50.7,67.2,34.9,50.9,60.5,45.9,51.1,50.0,46.0,45.1,45.9,55.6,45.2,50.5,62.1,55.8,45.6,47.6,51.4,49.2,51.6,34.1,0
0,63.1,43.5,59.7,70.5,48.5,61.2,63.8,50.4,56.7,53.2,47.3,42.6,65.8,71.9,50.7,53.8,59.4,53.9,61.2,62.7,66.0,49.7,52.4,50.2,41.6,45.1,61.9,53.6,43.6,54.7,53.6,59.1,60.0,59.0,63.6,47.8,48.5,58.0,0
0,41.9,42.6,62.2,47.7,50.4,39.4,34.3,41.2,44.6,37.9,40.4,42.8,31.9,39.4,20.0,38.2,36.0,48.9,40.6,50.9,47.9,34.7,60.8,38.7,35.2,34.7,34.9,33.5,39.0,39.5,46.0,32.2,53.9,52.9,59.5,51.7,51.6,38.9,0
1,62.6,54.5,46.4,43.9,44.6,42.6,44.6,38.7,30.4,20.0,20.9,37.3,44.3,42.6,58.2,33.3,54.6,58.1,44.4,44.7,38.5,45.9,52.4,50.2,54.5,36.2,43.0,37.9,48.3,34.7,40.1,39.8,55.4,67.1,41.4,55.9,61.1,39.6,0
2,58.1,52.3,47.0,60.1,58.3,51.2,40.8,41.9,53.3,55.3,66.6,53.1,44.7,42.6,50.7,45.6,45.0,58.1,48.6,44.7,38.5,62.2,64.0,60.2,54.5,62.7,50.6,48.9,62.5,49.7,40.1,44.6,50.3,64.4,41.4,43.8,44.3,53.4,0
0,50.5,38.1,55.9,30.8,47.8,38.2,42.2,47.7,42.8,44.5,45.2,45.0,42.1,53.0,46.0,42.9,45.7,42.0,37.8,44.4,48.6,32.1,44.2,36.0,38.1,32.2,41.7,46.0,43.5,52.8,38.6,53.3,39.5,38.5,57.2,40.0,35.3,32.5,0
0,42.0,42.9,45.5,48.9,46.2,25.9,44.3,37.6,48.4,30.0,51.1,47.0,54.4,52.9,41.5,65.4,50.7,44.3,57.9,50.9,54.2,44.0,51.1,55.6,29.9,45.1,51.3,47.6,20.6,56.0,56.8,55.8,52.5,52.9,55.5,49.2,47.0,48.6,0
1,52.8,40.4,35.1,38.5,54.6,44.3,40.3,59.2,59.8,57.3,40.4,30.4,61.3,70.8,20.0,65.4,70.2,35.1,63.6,65.5,66.9,58.9,56.0,55.6,46.0,55.6,62.3,61.6,63.5,56.0,56.8,55.8,62.3,55.6,63.6,61.5,37.7,63.2,0
0,48.4,49.0,58.5,52.2,47.8,48.6,46.2,30.2,39.2,51.8,60.1,61.0,40.6,40.6,42.3,42.9,41.1,57.3,29.6,56.9,40.9,36.2,44.2,41.4,55.9,32.2,29.5,47.7,37.9,47.8,56.4,48.8,29.5,38.5,40.7,28.1,30.4,37.4,0
0,50.7,42.3,50.1,53.6,46.6,46.9,63.8,50.4,60.1,53.2,43.3,55.7,47.8,51.0,54.5,53.8,40.2,41.2,52.8,44.7,50.3,58.8,56.3,60.2,58.7,53.9,50.6,58.3,62.5,54.7,49.1,59.1,56.4,67.1,41.4,51.9,61.1,48.8,0
0,35.5,37.7,52.9,46.2,41.8,43.4,50.1,42.3,34.3,48.6,57.5,55.7,52.9,53.0,53.4,59.1,54.9,38.2,50.2,50.6,56.3,46.5,44.2,36.0,51.5,53.9,49.8,42.7,54.8,42.8,38.6,44.2,57.6,60.5,51.7,44.0,60.1,62.0,0
1,35.1,36.4,51.3,43.1,63.9,62.8,54.0,37.9,47.7,61.6,69.3,37.0,51.6,57.1,46.0,42.9,36.6,65.0,46.0,50.6,60.1,59.4,48.9,57.8,55.9,62.6,53.8,50.9,54.8,47.8,47.5,53.3,34.4,32.3,40.7,40.0,35.3,52.2,0
0,34.8,40.9,57.3,34.1,46.2,39.4,38.3,43.0,33.3,35.3,39.2,38.7,37.6,43.9,41.5,42.7,55.5,44.3,34.9,36.4,47.9,27.3,41.3,44.3,35.2,29.5,34.9,41.6,32.9,50.5,40.6,51.1,34.8,52.9,43.2,31.9,33.1,34.1,0
1,59.5,33.7,34.0,55.4,58.8,49.1,64.3,44.8,40.8,61.7,59.0,51.1,40.8,43.9,41.5,38.2,36.0,58.0,40.6,58.2,41.5,44.0,51.1,44.3,51.3,39.9,45.9,53.6,63.5,45.0,46.0,55.8,51.9,52.9,59.5,49.2,47.0,38.9,0
1,58.1,63.5,66.2,41.8,45.8,59.8,46.2,54.3,52.6,52.6,41.2,53.0,45.4,48.9,46.0,51.0,54.9,38.2,46.0,44.4,48.6,46.1,44.2,41.4,51.5,45.2,53.8,46.0,49.2,42.8,43.0,53.3,43.9,32.3,46.2,47.9,55.1,57.1,0
1,30.4,56.8,62.2,54.9,48.3,48.1,48.3,48.4,48.4,38.8,35.3,51.1,58.1,48.4,46.8,51.8,55.5,62.6,63.6,50.9,54.2,51.4,46.2,50.0,51.3,55.6,51.3,53.6,63.5,50.5,40.6,55.8,60.1,63.5,55.5,56.6,42.4,53.5,0
1,48.0,46.2,54.9,43.9,50.5,42.6,56.1,48.3,47.5,46.2,39.8,61.0,40.0,46.8,47.0,41.5,54.6,32.8,44.4,44.7,38.5,53.9,48.5,55.2,54.5,53.9,50.6,50.4,48.3,59.7,44.6,49.5,59.5,48.1,63.6,55.9,61.1,53.4,0
1,37.9,55.6,63.7,38.5,37.8,31.7,38.3,52.0,40.8,40.6,50.0,55.2,44.5,48.4,36.2,51.8,55.5,62.6,40.6,36.4,41.5,45.9,31.6,44.3,56.7,55.6,51.3,49.6,57.4,45.0,40.6,55.8,40.1,34.3,47.3,51.7,47.0,48.6,0
1,42.4,60.3,49.9,54.2,50.5,51.9,56.1,51.5,67.0,53.9,39.3,39.9,51.5,51.0,54.5,45.6,35.5,49.6,48.6,62.7,58.2,54.9,40.8,60.2,45.9,58.3,61.9,63.0,62.5,54.7,58.1,63.9,61.2,59.0,69.2,51.9,48.5,48.8,0
0,29.3,22.4,41.1,46.7,46.2,49.1,48.3,37.6,40.8,32.6,42.1,38.7,46.6,43.9,36.2,51.8,50.7,48.9,46.4,58.2,47.9,38.4,51.1,50.0,29.9,39.9,45.9,51.6,45.2,56.0,46.0,55.8,46.7,44.9,51.4,49.2,47.0,48.6,0
0,48.5,57.1,56.9,67.3,56.3,59.8,56.1,39.8,64.7,55.3,56.7,45.2,61.7,51.0,58.2,70.3,54.6,49.6,61.2,56.7,58.2,51.8,44.7,55.2,41.6,53.9,61.9,59.9,53.1,64.7,53.6,59.1,52.6,42.7,46.9,60.0,56.9,62.6,1
0,61.0,50.3,55.5,69.9,44.1,28.8,36.3,35.8,20.0,20.0,20.0,38.7,49.7,61.8,31.0,65.4,50.7,58.0,40.6,50.9,35.2,45.9,46.2,50.0,40.6,55.6,45.9,41.6,26.8,45.0,51.4,51.1,25.0,26.3,39.1,34.3,33.1,53.5,1
0,27.6,33.8,50.7,32.7,42.7,54.7,63.8,34.4,39.6,42.6,49.2,42.6,54.4,55.2,54.5,53.8,54.6,58.1,40.2,56.7,50.3,52.5,48.5,50.2,54.5,53.9,50.6,52.0,48.3,54.7,49.1,54.3,56.9,56.3,63.6,51.9,40.2,53.4,1
0,48.7,44.9,55.7,54.7,50.4,48.1,52.3,55.6,52.2,43.2,48.8,67.6,67.0,61.8,36.2,65.4,60.4,67.2,69.3,65.5,41.5,34.7,31.6,33.1,40.6,50.4,51.3,45.6,39.0,50.5,35.2,60.6,44.0,52.9,43.2,46.7,42.4,43.8,1
1,59.2,44.6,59.7,50.9,46.2,20.0,40.3,46.6,33.3,58.2,52.8,55.2,57.6,48.4,52.1,65.4,55.5,48.9,57.9,50.9,54.2,36.6,41.3,50.0,51.3,34.7,34.9,51.6,45.2,56.0,56.8,46.4,53.3,52.9,55.5,51.7,47.0,48.6,1
1,36.7,46.3,57.7,42.6,54.4,45.4,56.1,54.7,51.0,55.3,44.3,47.8,53.2,51.0,54.5,53.8,59.4,45.4,48.6,50.7,54.2,54.9,52.4,45.3,58.7,58.3,50.6,55.1,57.8,54.7,44.6,59.1,50.8,48.1,46.9,60.0,48.5,53.4,1
0,34.4,48.0,52.8,29.7,51.8,59.1,73.6,40.1,49.0,52.6,66.2,50.3,49.1,53.0,46.0,51.0,54.9,49.7,46.0,50.6,44.8,48.4,35.0,52.3,55.9,45.2,53.8,41.1,37.9,47.8,51.9,35.1,46.8,47.9,51.7,44.0,50.2,42.3,1
0,29.4,53.4,54.4,59.1,64.1,69.1,67.6,46.2,65.8,56.7,53.7,45.2,59.2,51.0,50.7,49.7,49.8,70.7,48.6,62.7,62.1,65.0,64.0,65.2,45.9,62.7,65.7,69.3,57.8,64.7,71.6,63.9,48.6,37.3,52.5,51.9,48.5,62.6,1
1,53.1,59.0,58.1,57.2,48.5,42.6,37.0,48.3,55.5,56.0,43.3,42.6,44.7,42.6,43.3,41.5,54.6,49.6,52.8,50.7,38.5,54.2,56.3,55.2,45.9,53.9,54.4,39.4,48.3,39.7,35.6,44.6,49.4,42.7,41.4,60.0,56.9,58.0,1
0,26.8,35.3,50.3,43.7,40.7,46.1,52.3,53.6,49.8,38.4,47.3,39.9,57.1,59.3,43.3,62.1,54.6,45.4,57.0,50.7,62.1,48.7,44.7,50.2,45.9,53.9,50.6,45.7,43.6,49.7,44.6,49.5,54.4,50.8,58.1,51.9,48.5,53.4,1
0,62.5,40.7,50.0,56.6,58.3,58.3,67.6,54.7,67.0,63.8,65.2,53.1,74.7,55.2,69.4,74.4,73.8,53.9,69.6,62.7,69.9,70.6,64.0,55.2,67.3,67.1,65.7,63.0,62.5,64.7,58.1,54.3,67.9,69.8,52.5,64.0,61.1,62.6,1
0,47.7,46.1,47.5,59.2,48.5,41.8,44.6,44.0,38.4,42.6,42.3,47.8,51.5,51.0,61.9,49.7,45.0,37.0,57.0,56.7,50.3,52.9,48.5,50.2,54.5,58.3,46.8,41.0,53.1,39.7,35.6,44.6,51.2,50.8,52.5,51.9,48.5,48.8,1
0,63.5,62.5,53.5,47.2,68.0,65.5,21.7,55.8,70.4,63.8,64.2,20.0,57.5,71.9,35.8,45.6,54.6,45.4,69.6,38.7,73.9,51.1,20.0,65.2,37.3,67.1,65.7,59.9,53.1,69.7,44.6,63.9,54.6,26.4,63.6,64.0,61.1,62.6,1
1,62.7,67.2,70.3,59.0,65.9,56.1,65.8,52.1,58.8,64.1,56.0,50.3,61.4,57.1,64.5,63.1,50.3,57.3,62.5,50.6,52.4,62.8,62.8,57.8,64.8,53.9,53.8,57.5,60.4,57.8,47.5,57.9,62.7,60.5,51.7,63.8,60.1,62.0,1
1,40.6,53.3,58.7,58.4,65.8,60.0,54.5,51.1,45.7,52.0,54.9,56.4,42.3,45.1,55.5,44.4,45.8,46.6,37.3,49.4,40.5,44.0,59.6,46.6,46.3,39.8,39.9,53.5,42.4,57.2,55.7,53.2,45.4,51.2,44.9,43.1,45.2,51.9,1
1,56.1,50.6,49.0,58.9,49.8,33.6,42.6,65.9,46.8,57.5,49.0,58.2,53.8,54.4,45.4,46.9,57.8,46.0,56.0,54.7,58.5,47.4,47.4,35.8,61.8,44.8,48.0,54.2,57.3,52.1,51.5,52.0,55.6,63.7,45.2,53.6,55.2,51.5,1
1,56.0,53.9,58.9,55.3,50.4,38.5,58.3,62.8,48.4,44.1,44.3,55.2,47.1,43.9,52.1,38.2,40.9,62.6,57.9,50.9,35.2,55.2,56.0,50.0,51.3,55.6,51.3,55.6,45.2,56.0,56.8,55.8,48.5,44.9,55.5,49.2,47.0,48.6,1
0,54.4,58.5,47.8,53.7,50.5,60.5,48.5,52.6,63.5,55.3,50.7,53.1,68.7,67.7,65.7,66.2,69.0,53.9,57.0,56.7,62.1,65.7,60.2,55.2,58.7,67.1,61.9,56.7,53.1,59.7,53.6,54.3,59.4,56.3,52.5,55.9,56.9,62.6,1
1,42.7,42.7,41.2,48.8,66.1,59.0,75.2,46.2,64.7,58.1,63.2,63.6,57.1,42.6,58.2,58.0,64.2,53.9,52.8,62.7,46.4,65.7,64.0,50.2,63.0,67.1,58.1,67.7,62.5,64.7,67.1,59.1,59.3,53.6,52.5,55.9,61.1,62.6,1
1,50.6,60.4,51.9,63.3,62.1,59.6,47.6,45.4,56.1,64.9,55.4,63.5,60.2,61.3,57.4,41.1,59.3,63.7,59.2,57.3,44.3,65.6,63.7,62.1,60.8,57.3,54.3,46.3,61.3,41.5,45.3,42.8,49.9,44.4,57.2,48.6,44.4,51.8,1
0,53.2,32.4,47.8,55.2,46.6,53.3,44.6,41.9,57.8,46.9,41.3,58.3,52.8,46.8,47.0,53.8,54.6,53.9,52.8,50.7,54.2,53.9,48.5,55.2,54.5,53.9,50.6,52.0,48.3,54.7,49.1,54.3,62.7,59.0,58.1,60.0,61.1,53.4,1
1,57.9,67.2,50.6,61.5,69.9,60.5,67.6,61.1,67.0,63.8,61.7,66.2,61.9,42.6,61.9,74.4,69.0,49.6,48.6,62.7,54.2,70.6,64.0,65.2,58.7,67.1,65.7,64.6,62.5,69.7,49.1,63.9,56.3,53.6,52.5,64.0,40.2,62.6,1
1,52.2,68.9,67.8,64.6,50.5,56.2,59.9,40.8,39.6,55.3,61.2,29.4,55.5,51.0,58.2,58.0,49.8,62.3,52.8,38.7,58.2,57.0,52.4,50.2,50.2,62.7,58.1,52.0,57.8,54.7,49.1,44.6,57.8,53.6,63.6,55.9,52.7,44.2,1
0,37.8,43.3,43.5,43.6,60.2,61.2,56.1,46.2,64.7,46.2,38.8,42.6,54.8,59.3,61.9,53.8,45.0,62.3,57.0,32.7,54.2,60.1,48.5,60.2,54.5,62.7,58.1,58.3,48.3,59.7,53.6,63.9,62.1,56.3,69.2,43.8,61.1,53.4,1
0,51.4,46.1,56.6,46.7,48.5,61.2,37.0,37.6,40.7,39.8,45.3,47.8,50.1,46.8,58.2,49.7,54.6,58.1,44.4,44.7,46.4,49.7,48.5,50.2,50.2,49.5,50.6,47.3,48.3,39.7,53.6,49.5,38.2,37.3,41.4,47.8,44.3,44.2,1
0,52.6,51.0,40.5,36.9,58.3,48.3,48.5,50.4,52.1,41.2,52.7,53.1,51.5,51.0,47.0,53.8,54.6,45.4,57.0,44.7,54.2,51.1,48.5,45.3,54.5,53.9,50.6,56.7,53.1,54.7,53.6,59.1,52.5,56.3,52.5,47.8,40.2,58.0,1
0,54.8,54.1,56.8,56.8,65.0,53.0,56.3,57.4,59.8,64.4,50.5,55.2,64.4,48.4,57.3,65.4,40.9,58.0,63.6,65.5,66.9,73.7,60.8,66.8,67.4,60.8,62.3,65.7,63.5,61.5,56.8,60.6,64.0,44.9,67.7,59.1,60.9,63.2,1
0,48.3,47.9,66.5,49.9,56.3,63.3,48.5,47.2,65.8,58.1,44.8,39.9,64.8,59.3,54.5,62.1,64.2,58.1,52.8,62.7,62.1,66.1,56.3,65.2,54.5,67.1,61.9,55.1,48.3,59.7,53.6,54.3,58.0,42.7,58.1,64.0,56.9,62.6,1
1,44.9,57.1,54.6,51.2,54.4,52.6,59.9,54.7,45.3,52.5,39.8,45.2,57.3,59.3,61.9,62.1,54.6,45.4,57.0,56.7,42.5,63.6,56.3,60.2,54.5,67.1,58.1,66.1,57.8,69.7,58.1,63.9,63.7,59.0,58.1,55.9,61.1,62.6,1
1,32.8,44.4,52.7,54.0,46.6,43.3,33.1,32.3,48.7,43.3,62.7,45.2,48.4,46.8,50.7,62.1,49.8,53.9,27.6,50.7,50.3,47.3,56.3,30.3,50.2,49.5,54.4,50.4,48.3,49.7,49.1,54.3,48.7,50.8,41.4,47.8,56.9,53.4,1
1,50.2,62.9,38.2,58.2,54.4,60.5,52.3,46.2,52.1,60.9,56.7,61.0,58.1,46.8,69.4,53.8,45.0,62.3,65.4,50.7,50.3,57.7,64.0,60.2,58.7,40.6,54.4,55.1,57.8,49.7,53.6,54.3,64.1,61.7,63.6,51.9,61.1,53.4,1
1,47.9,56.3,60.6,66.4,56.7,39.4,62.3,62.8,40.8,60.9,70.3,55.2,57.6,43.9,52.1,60.9,55.5,67.2,46.4,65.5,41.5,47.7,46.2,44.3,51.3,50.4,51.3,55.6,39.0,67.0,51.4,55.8,49.2,58.2,39.1,49.2,56.2,43.8,1
0,40.3,56.8,48.9,55.9,48.5,58.3,63.8,50.4,51.0,47.6,45.3,47.8,55.3,59.3,47.0,49.7,64.2,49.6,52.8,50.7,54.2,50.8,52.4,55.2,41.6,53.9,50.6,55.1,48.3,54.7,58.1,54.3,53.4,56.3,52.5,51.9,48.5,48.8,1
0,47.5,43.1,37.0,52.4,68.0,60.5,48.5,50.4,59.0,63.8,67.1,55.7,60.6,51.0,61.9,53.8,64.2,62.3,48.6,56.7,58.2,61.5,60.2,65.2,63.0,40.6,61.9,72.4,62.5,64.7,71.6,68.8,54.8,37.3,58.1,60.0,61.1,58.0,1
0,48.1,64.1,54.0,58.4,62.2,54.0,40.8,50.4,45.3,58.1,53.2,29.4,49.3,55.2,50.7,62.1,49.8,62.3,40.2,38.7,38.5,49.7,44.7,45.3,63.0,53.9,39.2,52.0,48.3,54.7,40.1,63.9,29.6,53.6,30.3,31.6,27.6,30.4,1
1,44.1,65.4,47.0,55.9,56.3,56.2,59.9,61.1,61.2,50.4,53.7,53.1,73.4,63.5,61.9,62.1,69.0,62.3,69.6,62.7,69.9,57.0,64.0,50.2,45.9,53.9,61.9,64.6,48.3,59.7,67.1,68.8,66.9,59.0,63.6,64.0,61.1,58.0,1
0,53.7,39.8,67.8,45.9,48.5,55.5,59.9,52.6,57.8,35.6,38.8,47.8,56.1,46.8,47.0,53.8,59.4,53.9,57.0,50.7,62.1,52.9,48.5,60.2,37.3,53.9,61.9,55.1,48.3,54.7,58.1,54.3,45.6,48.1,41.4,51.9,48.5,48.8,1
0,45.8,47.5,49.8,46.5,33.7,50.9,73.6,39.0,53.9,46.9,48.8,61.0,37.1,40.6,38.5,38.9,45.7,65.0,33.7,38.1,33.3,37.4,62.8,52.3,51.5,27.8,20.0,46.0,49.2,47.8,51.9,39.7,55.2,51.1,51.7,63.8,60.1,42.3,1
0,44.2,47.0,43.2,46.1,62.2,57.6,59.9,50.4,63.5,58.8,52.2,50.5,52.6,55.2,65.7,45.6,45.0,53.9,57.0,38.7,54.2,56.3,52.4,55.2,58.7,53.9,50.6,58.3,53.1,54.7,62.6,54.3,50.7,40.0,52.5,60.0,56.9,48.8,1
0,57.6,58.3,64.1,53.0,52.4,41.1,44.6,50.4,45.3,44.8,49.2,53.1,40.4,42.6,61.9,49.7,45.0,37.0,44.4,26.7,46.4,49.7,44.7,50.2,58.7,53.9,39.2,55.1,53.1,59.7,49.1,54.3,57.8,69.8,46.9,51.9,52.7,48.8,1
0,48.4,58.6,48.6,52.5,41.8,56.8,54.0,44.5,55.1,49.4,48.3,31.6,57.9,44.7,46.0,59.1,54.9,65.0,54.3,56.9,56.3,56.7,44.2,57.8,64.8,49.6,53.8,46.0,49.2,37.8,56.4,44.2,53.4,44.8,62.7,44.0,60.1,47.3,1
1,46.8,49.9,55.4,48.7,53.8,61.5,56.7,54.8,66.5,62.3,47.4,48.0,59.3,57.3,48.1,57.2,54.9,51.9,59.2,57.3,55.7,49.8,54.5,62.1,29.5,52.5,54.3,49.7,55.6,52.1,45.3,47.5,51.6,41.0,57.2,56.5,54.1,47.1,1
1,53.2,44.4,46.4,47.2,62.2,64.8,52.3,52.6,59.0,63.8,61.2,42.6,58.6,67.7,61.9,41.5,49.8,58.1,57.0,62.7,46.4,58.1,52.4,60.2,41.6,62.7,61.9,61.4,62.5,54.7,49.1,68.8,59.1,61.7,41.4,60.0,61.1,62.6,1
0,53.7,61.0,52.9,60.1,61.9,42.7,30.5,33.5,20.0,48.6,58.5,66.4,33.8,32.4,38.5,30.8,41.1,42.0,54.3,50.6,29.4,40.0,62.8,41.4,64.8,20.0,37.6,44.4,60.4,47.8,38.6,39.7,20.0,41.7,29.7,20.1,20.0,27.6,1
0,54.3,63.9,31.3,60.2,67.9,59.1,54.0,37.9,50.2,55.9,51.4,50.3,49.1,48.9,60.8,42.9,41.1,49.7,50.2,63.2,40.9,61.3,58.1,52.3,60.4,58.3,57.9,50.9,49.2,52.8,51.9,48.8,46.6,60.5,35.2,44.0,50.2,52.2,1
0,52.4,54.1,42.5,45.3,57.9,68.0,65.8,35.7,67.4,51.0,63.7,50.3,68.5,73.6,64.5,75.2,45.7,61.2,50.2,56.9,64.0,57.5,62.8,57.8,51.5,45.2,61.9,60.8,54.8,57.8,56.4,62.4,60.8,51.1,62.7,59.8,60.1,52.2,1
1,60.3,51.0,65.8,57.6,57.8,65.6,67.2,50.8,55.8,51.6,64.1,46.0,67.0,58.9,60.2,62.9,57.8,67.5,61.5,61.4,48.2,64.1,54.5,53.8,61.8,58.6,64.5,59.4,57.3,52.1,65.5,52.0,67.1,61.0,63.9,62.2,55.2,61.5,1
0,37.7,47.5,56.8,48.9,54.4,41.1,59.9,40.8,62.4,49.7,60.2,39.9,54.6,55.2,58.2,62.1,45.0,62.3,48.6,38.7,54.2,53.9,40.8,55.2,50.2,58.3,58.1,58.3,53.1,54.7,58.1,59.1,49.1,48.1,52.5,51.9,48.5,44.2,1
1,56.6,36.5,45.9,61.2,69.9,53.1,57.9,47.7,53.9,57.5,63.7,63.7,52.5,44.7,60.8,42.9,54.9,57.3,50.2,63.2,40.9,59.0,53.5,57.8,60.4,53.9,53.8,54.2,54.8,57.8,56.4,44.2,60.2,60.5,62.7,44.0,60.1,52.2,1
1,63.1,57.1,38.3,62.0,44.6,37.5,56.1,36.6,45.3,38.4,39.3,39.9,47.0,42.6,47.0,49.7,49.8,45.4,57.0,50.7,42.5,51.8,56.3,40.3,54.5,53.9,50.6,44.2,53.1,44.7,40.1,44.6,54.7,56.3,58.1,51.9,48.5,44.2,1
1,38.8,52.4,41.9,56.7,62.2,56.9,59.9,47.2,41.8,49.7,52.2,34.7,51.1,51.0,61.9,53.8,40.2,45.4,44.4,62.7,46.4,53.5,60.2,55.2,63.0,27.4,58.1,59.9,57.8,54.7,62.6,54.3,46.5,50.8,58.1,43.8,27.6,48.8,1
0,35.1,35.5,54.3,50.7,58.8,68.4,68.4,55.6,63.6,54.7,60.1,55.2,54.4,61.8,41.5,56.4,45.8,44.3,52.1,58.2,60.5,66.3,56.0,66.8,46.0,66.0,62.3,67.7,63.5,67.0,62.1,55.8,62.7,52.9,55.5,59.1,60.9,63.2,1
1,49.4,60.3,48.1,58.5,46.6,46.9,52.3,48.3,53.3,47.6,59.7,61.0,50.3,51.0,54.5,53.8,49.8,41.2,57.0,56.7,38.5,61.2,64.0,55.2,67.3,53.9,46.8,58.3,57.8,59.7,49.1,59.1,45.6,37.3,52.5,47.8,48.5,53.4,1
0,33.9,34.5,38.5,59.6,40.7,47.6,56.1,54.7,47.5,40.5,39.3,34.7,51.1,51.0,47.0,58.0,45.0,37.0,57.0,50.7,58.2,37.2,48.5,45.3,37.3,27.4,50.6,44.2,43.6,44.7,40.1,54.3,52.6,59.0,52.5,51.9,48.5,39.6,1
0,46.8,51.6,50.7,55.1,58.3,52.6,59.9,45.1,52.1,60.9,52.7,50.5,53.2,59.3,47.0,45.6,59.4,45.4,52.8,56.7,50.3,63.3,60.2,55.2,67.3,53.9,58.1,63.0,53.1,64.7,58.1,63.9,50.0,56.3,41.4,47.8,56.9,48.8,1
1,55.5,49.4,66.8,54.0,64.1,61.2,63.8,54.7,67.0,63.8,65.2,45.2,71.6,67.7,65.7,66.2,54.6,62.3,61.2,62.7,69.9,72.0,64.0,65.2,63.0,67.1,65.7,67.7,62.5,69.7,62.6,59.1,69.0,61.7,63.6,64.0,61.1,62.6,1
0,57.6,62.4,36.7,55.9,56.3,47.6,48.5,47.2,47.5,63.8,47.8,50.5,48.4,55.2,50.7,45.6,49.8,45.4,57.0,38.7,50.3,48.7,52.4,50.2,50.2,49.5,43.0,45.7,43.6,49.7,40.1,54.3,46.9,48.1,46.9,51.9,48.5,44.2,1
0,46.5,40.6,53.6,59.4,33.6,48.1,26.3,62.8,44.6,43.2,33.6,63.5,48.1,43.9,46.8,51.8,70.2,48.9,52.1,43.7,28.9,34.7,46.2,44.3,29.9,45.1,40.4,51.6,39.0,61.5,35.2,65.3,24.7,31.7,51.4,34.3,20.0,34.1,1
0,48.3,55.1,37.0,50.4,58.3,44.0,48.5,50.4,41.8,55.3,62.7,63.6,50.1,42.6,58.2,62.1,49.8,37.0,48.6,56.7,46.4,43.5,60.2,40.3,37.3,45.1,46.8,47.3,53.1,54.7,31.1,54.3,57.8,59.0,58.1,47.8,56.9,48.8,1
0,57.2,53.7,67.8,41.3,58.3,61.2,59.9,44.0,49.8,58.1,65.2,37.3,59.4,51.0,61.9,49.7,73.8,62.3,57.0,50.7,46.4,61.9,64.0,55.2,54.5,62.7,54.4,58.3,48.3,49.7,71.6,54.3,47.4,48.1,35.8,55.9,56.9,53.4,1
1,50.9,56.7,46.0,55.9,57.8,59.2,54.0,70.6,69.9,64.3,60.8,50.0,54.7,49.9,55.3,46.9,52.8,54.6,61.5,61.4,37.9,58.5,47.4,65.8,53.2,58.6,53.5,57.7,52.0,52.1,60.8,57.2,56.2,55.8,45.2,57.9,60.1,61.5,1
1,52.6,65.6,57.1,57.1,56.3,45.4,48.5,50.4,44.1,58.8,46.3,63.6,38.5,34.3,65.7,29.1,30.7,41.2,48.6,62.7,30.7,54.9,56.3,45.3,63.0,53.9,46.8,52.0,62.5,59.7,40.1,44.6,71.4,69.8,63.6,60.0,61.1,62.6,1
0,57.1,54.6,51.5,45.8,60.8,35.6,50.3,57.4,48.4,56.4,52.2,47.0,37.6,39.4,41.5,42.7,45.8,53.4,40.6,43.7,35.2,57.0,56.0,50.0,56.7,50.4,56.8,57.6,57.4,56.0,51.4,55.8,57.8,42.3,67.7,59.1,47.0,58.4,1
0,38.2,34.4,49.5,57.7,40.7,51.9,44.6,44.0,54.4,53.9,47.8,61.0,56.1,59.3,61.9,49.7,54.6,45.4,57.0,50.7,54.2,34.8,36.9,40.3,28.7,49.5,43.0,36.3,34.1,39.7,44.6,39.8,55.4,61.7,46.9,51.9,48.5,58.0,1
1,49.0,61.0,59.1,57.8,54.4,52.6,56.1,46.2,61.2,58.1,63.7,61.0,41.8,34.3,58.2,45.6,35.5,45.4,48.6,56.7,34.6,68.1,64.0,65.2,63.0,58.3,61.9,59.9,62.5,54.7,58.1,54.3,61.1,61.7,63.6,47.8,48.5,58.0,1
0,56.0,45.7,64.4,59.7,44.6,56.2,44.6,53.6,51.0,44.8,50.7,45.2,46.8,55.2,50.7,49.7,40.2,49.6,52.8,38.7,46.4,49.4,48.5,45.3,45.9,53.9,54.4,50.4,48.3,54.7,44.6,54.3,56.5,48.1,63.6,51.9,48.5,58.0,1
1,33.1,51.7,41.2,59.4,61.9,68.7,71.2,45.9,64.3,63.6,66.1,56.4,63.3,53.4,60.2,59.9,50.2,62.5,53.1,61.9,65.1,59.3,51.8,62.6,55.3,52.4,59.6,68.4,60.0,57.2,69.2,67.3,62.1,60.3,53.6,58.4,59.6,61.3,1
0,37.9,40.8,42.9,29.8,43.8,42.7,42.2,44.5,50.2,33.1,43.2,42.3,48.1,44.7,57.1,51.0,45.7,45.9,54.3,44.4,48.6,52.5,44.2,52.3,55.9,53.9,49.8,39.4,43.5,47.8,43.0,35.1,47.3,47.9,40.7,51.9,55.1,52.2,1
0,53.0,63.2,54.9,52.9,64.1,50.4,44.6,54.7,60.1,51.1,45.3,45.2,59.8,55.2,47.0,66.2,45.0,53.9,65.4,56.7,58.2,52.9,40.8,50.2,54.5,58.3,54.4,58.3,48.3,64.7,49.1,63.9,64.7,64.4,52.5,60.0,61.1,62.6,1
0,60.8,60.6,56.4,62.0,46.2,53.9,62.3,43.0,52.2,54.7,54.5,47.0,63.4,52.9,67.9,51.8,65.3,62.6,40.6,65.5,60.5,44.0,36.5,50.0,46.0,50.4,51.3,51.6,39.0,67.0,62.1,36.9,60.8,52.9,51.4,59.1,60.9,63.2,1
0,62.1,52.2,57.3,49.7,54.4,49.0,59.9,50.4,41.8,56.7,28.4,29.4,59.2,55.2,50.7,66.2,64.2,53.9,57.0,50.7,50.3,41.7,36.9,45.3,28.7,53.9,58.1,50.4,43.6,54.7,49.1,54.3,56.5,37.3,74.8,51.9,56.9,48.8,1
1,56.4,50.5,68.9,59.2,57.9,59.8,50.1,47.7,57.6,34.7,48.8,47.6,51.6,48.9,46.0,42.9,41.1,65.0,58.4,50.6,52.4,43.4,44.2,46.9,33.6,53.9,49.8,46.0,43.5,52.8,47.5,44.2,54.9,51.1,46.2,55.9,60.1,62.0,1
0,38.8,42.9,57.6,45.3,48.3,47.2,64.3,44.8,67.4,61.7,60.1,38.7,62.3,61.8,31.0,42.7,50.7,76.4,63.6,65.5,60.5,60.7,46.2,55.6,67.4,50.4,62.3,61.6,63.5,50.5,62.1,55.8,58.2,44.9,67.7,51.7,51.6,58.4,1
1,60.5,48.4,62.1,40.5,51.8,63.5,42.2,49.9,57.6,48.6,61.1,45.0,63.9,69.5,27.4,59.1,77.9,57.3,46.0,56.9,71.6,41.2,44.2,52.3,20.0,53.9,57.9,49.3,43.5,47.8,51.9,53.3,49.1,54.2,51.7,47.9,45.2,42.3,1
1,47.0,51.1,54.7,47.9,38.8,42.6,40.8,48.3,47.5,40.5,42.3,45.2,47.2,42.6,43.3,58.0,40.2,45.4,61.2,50.7,42.5,56.3,56.3,50.2,54.5,62.7,46.8,52.0,57.8,54.7,40.1,54.3,39.2,37.3,41.4,47.8,40.2,53.4,1
1,59.2,56.5,58.8,45.7,42.7,39.7,52.3,38.7,47.5,56.0,48.7,53.1,46.4,42.6,58.2,49.7,45.0,45.4,48.6,50.7,42.5,43.1,44.7,40.3,58.7,45.1,35.5,41.0,53.1,29.7,53.6,35.0,53.7,56.3,58.1,51.9,48.5,39.6,1
1,51.1,52.7,43.1,60.5,62.2,36.8,63.8,44.0,48.7,51.8,57.2,42.6,54.2,42.6,58.2,58.0,49.8,45.4,57.0,56.7,54.2,41.0,44.7,40.3,45.9,45.1,43.0,52.0,57.8,49.7,49.1,49.5,61.9,56.3,63.6,55.9,52.7,58.0,1
0,42.7,55.2,38.9,56.8,66.1,59.0,56.1,39.8,65.8,60.9,69.6,42.6,50.9,46.8,43.3,49.7,40.2,62.3,52.8,56.7,50.3,61.5,52.4,65.2,54.5,62.7,54.4,63.0,62.5,59.7,53.6,63.9,61.2,59.0,46.9,64.0,61.1,62.6,1
0,51.8,56.3,47.3,31.6,60.8,61.7,62.3,59.2,59.8,54.7,59.0,55.2,57.1,61.8,31.0,56.4,55.5,62.6,57.9,43.7,60.5,66.3,65.7,55.6,56.7,55.6,62.3,57.6,51.3,50.5,62.1,55.8,62.8,52.9,59.5,61.5,56.2,58.4,1
1,27.6,20.0,34.9,29.1,46.2,47.2,46.3,43.0,37.0,47.6,59.6,47.0,48.7,52.9,41.5,38.2,60.4,48.9,52.1,50.9,47.9,29.2,31.6,33.1,51.3,39.9,34.9,51.6,32.9,56.0,56.8,55.8,25.6,44.9,47.3,24.4,20.0,34.1,1
1,52.4,53.6,37.7,54.1,34.9,53.3,63.8,50.4,52.1,52.5,54.2,53.1,72.0,67.7,65.7,70.3,54.6,66.5,69.6,56.7,62.1,51.8,52.4,50.2,54.5,45.1,54.4,59.9,62.5,59.7,58.1,49.5,72.4,69.8,63.6,64.0,61.1,62.6,1
0,63.2,66.9,64.4,57.3,68.0,47.6,40.8,53.6,46.4,63.8,63.2,37.3,48.9,42.6,58.2,45.6,45.0,58.1,48.6,50.7,46.4,60.5,56.3,55.2,58.7,67.1,46.8,61.4,62.5,59.7,58.1,54.3,41.1,45.4,30.3,43.8,56.9,53.4,1
0,24.8,46.8,44.0,34.3,41.8,43.2,33.2,61.3,67.3,45.7,47.9,50.0,52.4,58.9,45.4,46.9,52.8,46.0,56.0,47.9,58.5,52.2,54.5,47.8,53.2,51.7,48.0,45.7,46.8,52.1,37.5,52.0,47.7,40.0,45.2,57.9,55.2,56.5,1
1,56.7,32.0,57.3,49.6,48.3,37.5,38.3,71.8,48.4,60.0,43.2,51.1,40.8,43.9,41.5,47.3,50.7,48.9,52.1,29.1,41.5,44.0,46.2,44.3,51.3,50.4,40.4,47.6,39.0,56.0,40.6,55.8,27.3,31.7,43.2,39.3,33.1,38.9,1
0,55.7,56.6,51.0,49.0,56.3,49.7,59.9,44.0,40.7,44.1,32.8,45.2,41.2,51.0,39.5,58.0,45.0,58.1,40.2,32.7,30.7,33.7,29.2,45.3,28.7,45.1,46.8,36.3,29.4,44.7,31.1,54.3,24.7,23.7,41.4,31.6,27.6,44.2,1
2,59.0,51.3,51.2,53.6,52.4,50.4,52.3,48.3,56.7,41.2,50.7,61.0,59.6,59.3,58.2,66.2,54.6,45.4,61.2,50.7,54.2,52.5,60.2,45.3,54.5,45.1,54.4,52.0,48.3,54.7,49.1,54.3,60.2,53.6,52.5,64.0,56.9,62.6,1
1,59.2,32.3,48.7,44.3,56.3,41.1,52.3,39.8,37.3,45.5,51.7,39.9,46.4,42.6,58.2,45.6,49.8,45.4,52.8,50.7,38.5,51.1,40.8,50.2,63.0,53.9,43.0,44.2,57.8,44.7,35.6,44.6,43.8,50.8,41.4,39.7,52.7,44.2,1
1,62.9,55.3,41.6,40.9,61.9,54.6,46.2,29.2,34.3,48.6,66.2,61.0,53.9,44.7,42.3,63.1,41.1,61.2,62.5,56.9,44.8,48.8,39.6,63.2,42.6,53.9,45.7,46.0,49.2,47.8,43.0,48.8,33.7,47.9,35.2,32.0,30.4,47.3,1
0,43.9,60.4,62.1,42.5,49.8,39.0,57.9,41.2,41.6,53.5,59.6,42.3,55.4,53.0,46.0,55.0,64.1,45.9,58.4,44.4,60.1,48.4,44.2,46.9,51.5,53.9,45.7,46.0,54.8,52.8,47.5,35.1,46.6,47.9,46.2,51.9,45.2,47.3,1
1,57.3,53.3,62.5,52.5,36.8,42.6,37.0,48.3,63.5,53.2,34.3,63.6,40.0,34.3,54.5,33.3,35.5,37.0,52.8,38.7,62.1,48.3,52.4,35.3,54.5,53.9,46.8,34.7,38.9,34.7,40.1,39.8,71.2,56.3,74.8,64.0,61.1,62.6,1
0,32.1,20.0,57.2,41.3,39.9,45.2,54.3,48.4,52.2,51.2,60.1,59.3,58.6,61.8,36.2,65.4,65.3,48.9,52.1,58.2,47.9,49.6,46.2,50.0,35.2,55.6,62.3,55.6,45.2,56.0,56.8,55.8,61.3,50.2,55.5,59.1,60.9,63.2,1
1,59.4,55.5,38.2,59.4,68.0,66.9,56.1,50.4,68.1,60.9,69.6,58.3,72.0,59.3,50.7,70.3,73.8,62.3,69.6,56.7,69.9,64.7,52.4,60.2,54.5,67.1,65.7,67.7,62.5,64.7,71.6,54.3,66.8,67.1,52.5,64.0,61.1,62.6,1
1,47.2,48.3,41.4,42.6,56.3,41.1,44.6,39.8,43.0,42.6,47.8,47.8,52.6,46.8,50.7,62.1,49.8,49.6,57.0,50.7,46.4,48.7,44.7,45.3,50.2,53.9,50.6,44.2,48.3,44.7,44.6,44.6,52.0,50.8,46.9,60.0,52.7,48.8,1
1,50.6,59.0,56.6,65.3,58.3,50.4,33.1,44.0,57.8,63.8,68.1,55.7,65.6,63.5,54.5,70.3,45.0,49.6,69.6,62.7,62.1,58.8,56.3,50.2,54.5,67.1,50.6,53.6,57.8,54.7,49.1,49.5,55.5,48.1,63.6,51.9,52.7,48.8,1
0,40.4,37.0,45.3,55.0,68.0,59.0,52.3,50.4,44.1,50.4,57.7,37.3,56.1,51.0,54.5,45.6,59.4,62.3,57.0,56.7,46.4,52.5,44.7,55.2,58.7,45.1,54.4,58.3,53.1,54.7,62.6,54.3,46.9,59.0,35.8,47.8,48.5,48.8,1
0,48.2,33.6,49.6,39.8,34.9,45.4,56.1,47.2,29.3,22.2,33.3,34.7,41.0,46.8,35.8,53.8,49.8,45.4,40.2,50.7,30.7,48.7,48.5,45.3,54.5,49.5,46.8,41.0,48.3,34.7,40.1,49.5,43.8,40.0,52.5,51.9,31.8,53.4,1
1,56.2,64.8,59.0,57.9,62.2,66.2,63.8,59.0,54.4,60.9,53.7,45.2,62.7,67.7,54.5,49.7,49.8,62.3,61.2,56.7,62.1,60.8,64.0,60.2,41.6,58.3,65.7,64.6,62.5,54.7,62.6,63.9,53.9,40.0,58.1,55.9,52.7,62.6,1
0,56.3,45.9,52.0,55.9,65.9,65.0,65.8,49.9,58.8,60.8,62.1,45.0,62.5,65.3,53.4,67.2,50.3,61.2,50.2,56.9,56.3,51.8,48.9,63.2,42.6,49.6,53.8,62.5,54.8,52.8,60.9,67.0,52.8,44.8,51.7,55.9,60.1,52.2,1
0,58.6,41.6,52.8,59.2,29.0,43.3,52.3,52.6,57.8,32.8,58.7,42.6,76.5,71.9,50.7,74.4,73.8,62.3,69.6,62.7,69.9,47.6,25.3,60.2,37.3,53.9,65.7,66.1,53.1,69.7,67.1,59.1,76.8,69.8,74.8,64.0,61.1,62.6,1
1,61.3,58.2,40.5,56.3,52.4,55.5,40.8,46.2,57.8,63.8,52.7,42.6,50.5,59.3,43.3,45.6,49.8,49.6,57.0,50.7,46.4,55.6,44.7,50.2,45.9,62.7,65.7,45.7,57.8,39.7,40.1,49.5,55.0,48.1,52.5,51.9,61.1,58.0,1
1,60.2,50.4,38.1,53.8,52.5,28.8,46.3,48.4,48.4,60.0,20.0,26.3,55.5,48.4,57.3,51.8,40.9,48.9,57.9,65.5,54.2,55.2,51.1,50.0,62.1,55.6,45.9,55.6,57.4,56.0,46.0,55.8,60.3,60.9,51.4,51.7,56.2,58.4,1
0,66.2,54.2,49.9,51.8,44.6,58.3,48.5,41.9,61.2,43.3,51.2,42.6,67.2,63.5,54.5,74.4,73.8,70.7,44.4,62.7,46.4,51.8,29.2,50.2,54.5,58.3,61.9,55.1,62.5,54.7,44.6,54.3,49.1,48.1,52.5,51.9,40.2,53.4,1
1,62.6,41.8,60.5,61.9,58.3,55.5,56.1,50.4,60.1,63.8,49.7,63.6,44.1,42.6,39.5,49.7,64.2,37.0,57.0,38.7,42.5,64.0,60.2,55.2,63.0,53.9,65.7,61.4,57.8,59.7,58.1,59.1,57.0,48.1,52.5,60.0,56.9,62.6,1
1,40.7,56.4,51.3,55.3,44.6,51.2,40.8,44.0,54.4,58.1,62.7,58.3,38.7,42.6,54.5,33.3,35.5,49.6,44.4,44.7,38.5,50.8,56.3,55.2,54.5,40.6,46.8,42.6,53.1,49.7,35.6,39.8,42.3,40.0,41.4,35.7,56.9,58.0,1
0,61.4,42.6,38.7,41.5,44.6,42.6,48.5,41.9,35.0,41.2,26.4,45.2,54.8,55.2,54.5,53.8,49.8,53.9,52.8,50.7,54.2,41.7,40.8,45.3,41.6,53.9,39.2,52.0,38.9,54.7,58.1,54.3,41.9,48.1,46.9,43.8,40.2,39.6,1
1,46.0,54.5,61.8,54.7,53.8,62.4,61.5,57.8,48.1,51.6,50.1,54.1,53.3,40.9,60.2,57.6,52.8,58.9,56.0,47.9,37.9,51.4,61.7,47.8,44.7,51.7,48.0,49.1,46.8,52.1,46.8,52.0,41.4,50.5,45.2,44.9,31.2,41.6,1
0,42.6,40.3,61.8,44.6,62.2,54.7,52.3,48.3,48.7,60.9,52.7,66.2,35.2,42.6,43.3,33.3,40.2,37.0,44.4,44.7,38.5,54.2,52.4,60.2,58.7,49.5,43.0,53.6,53.1,54.7,49.1,54.3,38.4,40.0,41.4,43.8,44.3,44.2,1
1,50.6,35.6,39.9,56.9,53.8,59.1,46.2,39.0,60.0,47.7,51.4,39.6,58.7,61.2,68.2,55.0,45.7,45.9,58.4,50.6,60.1,63.2,58.1,63.2,64.8,53.9,53.8,59.2,60.4,57.8,51.9,57.9,51.7,47.9,46.2,55.9,50.2,62.0,1
0,57.6,26.8,47.3,47.1,46.6,46.1,44.6,54.7,54.4,43.3,47.3,50.5,59.4,59.3,61.9,62.1,45.0,49.6,65.4,50.7,54.2,50.1,48.5,55.2,24.5,62.7,61.9,53.6,48.3,54.7,49.1,59.1,60.5,53.6,58.1,55.9,61.1,58.0,1
0,48.5,35.7,51.6,44.4,44.6,43.3,56.1,40.8,56.7,50.4,42.3,24.2,47.2,46.8,58.2,45.6,49.8,28.5,48.6,62.7,46.4,58.4,52.4,35.3,63.0,67.1,58.1,50.4,57.8,34.7,58.1,49.5,37.1,45.4,30.3,43.8,52.7,39.6,1
0,49.0,50.8,40.7,54.6,49.8,41.9,57.9,34.6,36.7,51.8,55.5,47.6,39.4,44.7,34.8,47.0,41.1,42.0,46.0,44.4,44.8,41.6,44.2,46.9,51.5,40.9,37.6,41.1,43.5,47.8,47.5,35.1,30.3,32.3,40.7,36.0,40.3,32.5,1
1,45.1,52.0,67.8,55.8,58.3,57.6,56.1,46.2,54.4,58.1,59.7,42.6,55.5,42.6,50.7,49.7,59.4,45.4,61.2,56.7,62.1,59.1,60.2,40.3,63.0,58.3,58.1,59.9,57.8,59.7,62.6,49.5,55.0,48.1,52.5,55.9,61.1,53.4,1
1,52.2,65.3,62.4,58.5,54.4,49.0,40.8,52.6,47.5,56.0,71.1,50.5,43.9,42.6,50.7,45.6,45.0,37.0,61.2,44.7,42.5,43.8,40.8,40.3,54.5,45.1,46.8,45.7,57.8,49.7,31.1,49.5,42.8,45.4,46.9,43.8,40.2,48.8,1
1,27.6,59.7,54.4,39.4,58.3,50.4,59.9,52.6,49.8,53.9,45.3,58.3,44.9,42.6,47.0,53.8,35.5,37.0,52.8,56.7,46.4,51.8,48.5,55.2,45.9,49.5,58.1,52.0,48.3,54.7,49.1,54.3,59.9,61.7,58.1,55.9,56.9,44.2,1
0,39.6,59.1,50.9,64.5,54.4,53.3,59.9,52.6,61.2,58.1,43.3,50.5,61.5,67.7,54.5,58.0,45.0,45.4,57.0,62.7,66.0,47.3,33.0,50.2,37.3,58.3,61.9,50.4,53.1,44.7,44.6,59.1,69.1,59.0,69.2,64.0,61.1,58.0,1
1,46.2,54.3,40.6,49.1,51.8,56.8,69.7,41.2,49.0,54.3,65.7,58.3,49.6,48.9,53.4,59.1,36.6,57.3,46.0,38.1,56.3,52.2,35.0,57.8,64.8,49.6,45.7,49.3,54.8,42.8,56.4,44.2,47.8,54.2,46.2,36.0,55.1,52.2,1
0,63.8,49.1,48.7,48.8,58.8,38.5,46.3,53.8,40.8,35.3,54.5,55.2,41.8,43.9,36.2,38.2,40.9,48.9,40.6,58.2,60.5,47.7,51.1,44.3,46.0,55.6,45.9,35.5,20.0,45.0,35.2,60.6,34.1,39.6,43.2,44.2,33.1,43.8,1
0,56.2,57.2,65.4,51.7,49.8,36.8,38.9,41.5,39.1,49.1,56.3,62.3,41.0,45.4,45.4,41.6,38.0,50.3,45.0,47.9,43.0,41.1,54.5,29.8,44.7,51.7,37.0,35.4,30.9,41.1,42.2,41.6,35.1,40.0,45.2,36.3,36.0,36.6,1
0,50.6,47.0,66.6,44.0,43.8,50.9,50.1,42.3,39.2,45.3,64.7,58.3,50.6,44.7,49.7,42.9,68.7,53.5,46.0,63.2,37.1,51.4,58.1,46.9,60.4,40.9,49.8,55.9,60.4,57.8,51.9,48.8,52.2,54.2,51.7,51.9,45.2,52.2,1
1,42.2,55.0,43.6,51.1,50.5,50.4,37.0,48.3,51.0,55.3,40.8,58.3,45.3,51.0,61.9,45.6,45.0,45.4,44.4,38.7,46.4,50.8,52.4,45.3,58.7,45.1,50.6,42.6,57.8,44.7,31.1,44.6,44.7,37.3,52.5,47.8,48.5,48.8,1
1,39.1,20.0,27.0,20.0,20.0,27.2,20.0,25.3,20.0,20.0,20.0,20.0,27.7,40.9,20.0,57.6,38.0,37.4,34.0,47.9,32.7,28.3,47.4,29.8,36.2,44.8,20.5,20.0,20.0,20.0,20.0,41.6,29.6,34.8,54.5,20.0,26.4,31.6,1
0,59.1,36.9,43.6,41.9,56.3,48.3,48.5,38.7,56.7,44.1,49.7,47.8,46.6,51.0,39.5,45.6,45.0,49.6,48.6,50.7,50.3,52.9,48.5,55.2,54.5,53.9,46.8,53.6,48.3,54.7,53.6,54.3,52.3,59.0,46.9,51.9,48.5,48.8,1
1,41.6,59.1,45.3,54.0,60.8,51.0,50.3,68.2,48.4,51.2,36.4,71.7,62.8,52.9,57.3,56.4,70.2,44.3,57.9,65.5,54.2,64.4,56.0,61.2,62.1,55.6,56.8,65.7,63.5,61.5,56.8,60.6,62.0,50.2,55.5,61.5,60.9,63.2,1
1,61.4,49.7,52.2,45.4,51.8,48.6,54.0,52.1,58.8,57.5,53.9,55.7,58.3,57.1,60.8,51.0,50.3,61.2,50.2,63.2,48.6,51.4,44.2,52.3,55.9,53.9,45.7,57.5,49.2,52.8,60.9,57.9,60.4,47.9,57.2,63.8,60.1,62.0,1
0,62.7,52.8,47.1,59.4,62.2,63.3,59.9,54.7,61.2,63.8,55.7,58.3,52.2,42.6,43.3,49.7,54.6,53.9,44.4,62.7,58.2,66.8,60.2,65.2,58.7,58.3,65.7,70.8,62.5,69.7,62.6,68.8,59.0,48.1,52.5,64.0,61.1,62.6,1
0,63.1,66.5,49.1,62.4,58.3,57.6,75.2,57.9,67.0,55.3,52.7,39.9,70.1,59.3,61.9,74.4,49.8,62.3,61.2,62.7,69.9,55.3,64.0,55.2,28.7,58.3,65.7,56.7,53.1,54.7,58.1,54.3,70.1,59.0,69.2,64.0,61.1,62.6,1
1,53.4,41.8,56.3,67.4,60.2,48.3,48.5,51.5,46.4,52.5,29.4,47.8,38.3,38.4,54.5,29.1,25.9,37.0,52.8,62.7,38.5,59.5,56.3,45.3,58.7,62.7,58.1,56.7,38.9,59.7,62.6,59.1,39.2,48.1,30.3,43.8,48.5,48.8,1
0,60.3,49.3,55.9,61.9,48.5,57.6,29.3,46.2,47.5,36.3,42.3,50.5,59.4,59.3,47.0,53.8,59.4,66.5,65.4,38.7,58.2,42.4,44.7,40.3,28.7,53.9,58.1,39.4,34.1,39.7,44.6,49.5,59.5,48.1,63.6,60.0,56.9,53.4,1
1,40.0,54.6,48.2,24.2,44.6,36.1,48.5,48.3,44.1,49.7,50.7,58.3,46.2,59.3,32.1,49.7,59.4,37.0,48.6,38.7,54.2,40.3,36.9,40.3,54.5,40.6,43.0,47.3,48.3,44.7,53.6,44.6,46.1,59.0,41.4,39.7,48.5,44.2,1
1,38.5,38.9,41.3,26.2,46.6,42.6,29.3,41.9,49.8,51.1,53.2,47.8,43.3,42.6,54.5,41.5,40.2,49.6,57.0,38.7,42.5,51.1,48.5,45.3,54.5,53.9,50.6,41.0,48.3,49.7,31.1,44.6,58.8,59.0,58.1,51.9,56.9,48.8,1
1,51.3,37.3,31.5,54.3,57.9,36.0,42.2,40.1,42.8,42.8,48.3,45.0,52.1,53.0,38.5,67.2,50.3,49.7,58.4,50.6,40.9,46.5,44.2,46.9,51.5,45.2,49.8,46.0,54.8,52.8,38.6,44.2,56.8,54.2,62.7,51.9,60.1,37.4,1
1,33.2,52.0,44.2,40.0,68.0,63.3,67.6,52.6,33.8,60.9,62.2,50.5,46.6,42.6,61.9,49.7,45.0,53.9,48.6,32.7,50.3,58.4,52.4,60.2,58.7,49.5,58.1,66.1,57.8,64.7,62.6,63.9,48.5,50.8,58.1,39.7,36.0,53.4,1
1,28.8,56.3,56.0,36.4,63.9,59.8,34.4,33.5,50.2,58.3,53.9,42.3,41.2,40.6,53.4,34.9,32.0,68.8,37.8,50.6,37.1,57.9,53.5,63.2,47.0,62.6,49.8,41.1,43.5,62.8,38.6,30.6,43.2,47.9,40.7,44.0,40.3,57.1,1
0,61.7,54.1,49.2,54.0,57.9,50.1,54.0,21.5,49.0,43.7,38.1,34.3,40.8,36.5,46.0,51.0,36.6,65.0,41.9,38.1,37.1,55.2,62.8,41.4,64.8,58.3,37.6,42.7,54.8,42.8,43.0,39.7,26.7,32.3,29.7,32.0,45.2,37.4,1
0,59.6,59.1,51.0,58.1,41.8,43.4,50.1,39.0,51.4,42.8,54.5,42.3,56.0,57.1,64.5,51.0,59.5,45.9,54.3,44.4,56.3,54.4,58.1,46.9,55.9,53.9,49.8,46.0,60.4,37.8,43.0,48.8,57.8,60.5,57.2,47.9,60.1,47.3,1
2,56.4,65.1,54.3,51.9,42.7,59.8,37.0,37.6,37.3,50.4,36.8,34.7,37.1,34.3,54.5,29.1,45.0,66.5,40.2,32.7,34.6,40.7,29.2,60.2,24.5,58.3,46.8,33.2,20.0,54.7,31.1,54.3,21.9,37.3,30.3,20.0,31.8,39.6,1
1,57.6,46.9,55.9,44.4,50.5,63.3,59.9,50.4,59.0,41.2,54.2,34.7,65.2,59.3,39.5,66.2,64.2,70.7,57.0,56.7,62.1,53.2,52.4,50.2,50.2,53.9,54.4,56.7,48.3,59.7,58.1,54.3,60.0,59.0,63.6,51.9,48.5,53.4,1
1,51.9,60.9,47.0,44.7,58.3,62.6,56.1,44.0,55.5,60.9,55.2,39.9,49.5,63.5,47.0,41.5,30.7,58.1,40.2,62.7,50.3,53.9,36.9,60.2,45.9,58.3,61.9,31.6,38.9,20.0,35.6,54.3,35.5,37.3,46.9,20.0,40.2,58.0,1
1,62.5,43.8,48.1,51.5,57.9,45.7,50.1,41.2,49.0,61.6,63.7,39.6,62.9,65.3,60.8,63.1,64.1,45.9,54.3,56.9,56.3,57.5,58.1,46.9,64.8,53.9,49.8,55.9,60.4,57.8,51.9,48.8,63.9,57.3,57.2,63.8,60.1,62.0,1
1,61.7,53.3,50.0,54.1,61.9,43.4,42.2,40.1,53.9,55.1,45.8,45.0,48.5,48.9,49.7,42.9,50.3,57.3,54.3,44.4,44.8,52.9,48.9,46.9,47.0,58.3,57.9,50.9,60.4,52.8,43.0,48.8,50.7,54.2,40.7,51.9,55.1,57.1,1
1,47.0,45.8,51.6,57.2,60.2,45.4,44.6,39.8,46.4,63.8,65.2,61.0,42.7,51.0,50.7,41.5,49.8,49.6,31.8,38.7,50.3,51.5,48.5,50.2,58.7,49.5,46.8,58.3,62.5,54.7,58.1,49.5,53.4,50.8,58.1,51.9,48.5,48.8,1
0,36.1,49.6,60.8,46.9,48.3,50.1,58.3,25.0,56.0,51.2,66.9,34.6,35.5,39.4,31.0,56.4,55.5,39.7,29.1,43.7,41.5,38.4,65.7,50.0,56.7,24.3,20.0,47.6,51.3,39.5,51.4,51.1,32.9,47.6,47.3,36.8,28.5,29.2,1
1,57.1,51.6,54.1,44.3,45.8,59.2,40.7,56.6,43.0,42.3,37.2,50.0,29.1,31.8,55.3,36.2,23.1,54.6,39.5,20.9,37.9,52.2,54.5,59.8,53.2,51.7,37.0,44.0,52.0,41.1,28.2,62.4,35.6,40.0,35.9,40.6,45.6,46.6,1
1,49.4,36.1,39.3,49.3,21.1,20.0,38.3,59.2,25.7,20.0,26.3,42.8,63.9,80.0,36.2,60.9,70.2,30.5,69.3,50.9,54.2,27.3,41.3,20.0,51.3,29.5,45.9,41.6,51.3,28.5,40.6,55.8,62.5,39.6,75.9,59.1,60.9,53.5,1
1,44.6,59.4,35.2,20.0,56.3,50.4,48.5,48.3,56.7,49.7,53.2,50.5,62.7,51.0,61.9,66.2,69.0,58.1,57.0,50.7,54.2,55.6,56.3,50.2,54.5,53.9,54.4,56.7,62.5,54.7,53.6,49.5,52.9,45.4,52.5,60.0,48.5,58.0,1
1,58.7,49.4,38.0,61.2,52.4,49.7,56.1,38.7,51.0,39.8,64.7,34.7,63.3,63.5,58.2,58.0,59.4,58.1,57.0,56.7,58.2,45.6,56.3,45.3,45.9,45.1,43.0,42.6,38.9,49.7,49.1,39.8,53.3,53.6,52.5,55.9,48.5,48.8,1
0,61.6,26.7,62.3,45.9,58.8,72.3,62.3,48.4,40.8,51.2,57.3,42.8,72.3,61.8,52.1,65.4,70.2,62.6,57.9,65.5,66.9,60.7,56.0,55.6,40.6,66.0,62.3,49.6,51.3,56.0,35.2,55.8,60.7,47.6,55.5,61.5,60.9,63.2,1
0,46.5,52.3,42.3,65.1,40.7,63.3,56.1,37.6,46.4,41.2,26.4,24.2,75.5,67.7,69.4,70.3,64.2,66.5,65.4,62.7,66.0,66.4,64.0,65.2,58.7,53.9,65.7,55.1,48.3,59.7,53.6,54.3,67.9,59.0,63.6,64.0,61.1,62.6,1
1,66.9,49.8,60.8,60.6,43.8,35.2,46.2,39.0,46.5,47.7,46.8,55.7,61.2,44.7,60.8,59.1,59.5,61.2,66.6,44.4,60.1,39.7,48.9,30.5,38.1,45.2,53.8,55.9,54.8,57.8,56.4,48.8,54.3,60.5,46.2,55.9,50.2,52.2,1
0,50.8,43.3,48.3,39.0,44.6,52.6,40.8,49.4,48.7,56.0,52.7,47.8,49.5,42.6,54.5,45.6,45.0,53.9,48.6,56.7,50.3,56.7,48.5,55.2,54.5,62.7,50.6,52.0,43.6,54.7,49.1,59.1,40.7,26.4,41.4,51.9,52.7,62.6,1
0,54.4,40.1,56.9,50.4,44.1,53.0,36.3,55.6,63.6,49.4,31.9,42.8,56.0,57.3,41.5,38.2,60.4,62.6,69.3,43.7,47.9,45.9,36.5,50.0,40.6,45.1,67.8,55.6,51.3,56.0,51.4,55.8,60.7,47.6,55.5,61.5,60.9,63.2,1
0,61.5,54.1,54.6,59.6,54.4,44.7,48.5,52.6,51.0,40.5,47.3,50.5,54.8,59.3,47.0,53.8,49.8,45.4,57.0,56.7,54.2,45.2,52.4,35.3,41.6,53.9,50.6,52.0,48.3,54.7,49.1,54.3,52.3,37.3,69.2,51.9,52.7,44.2,1
1,53.5,35.3,29.4,49.9,56.3,61.2,63.8,50.4,59.0,58.8,48.7,42.6,62.7,55.2,54.5,70.3,69.0,32.8,61.2,56.7,66.0,52.2,56.3,55.2,28.7,58.3,61.9,59.9,43.6,59.7,58.1,68.8,56.7,56.3,58.1,47.8,48.5,58.0,1
1,54.7,44.9,30.8,49.4,46.2,30.7,36.3,52.0,40.8,45.0,34.2,38.7,38.2,43.9,46.8,38.2,40.9,35.1,40.6,50.9,54.2,32.9,31.6,38.7,46.0,50.4,34.9,41.6,51.3,45.0,35.2,46.4,52.0,44.9,43.2,59.1,56.2,63.2,1
